ieee;nwk;model;device_name;entity_id;entity_name;domain;custom_name
28:76:81:ff:fe:9d:23:4d;0x275B;STOFTMOLN ceiling/wall lamp WW24;Entrance small ceiling lamp STOFTMOLN;button.entrance_small_stoftmoln_ceiling_lamp_ww24_identify;IKEA of Sweden STOFTMOLN ceiling/wall lamp WW24;button;
28:76:81:ff:fe:9d:23:4d;0x275B;STOFTMOLN ceiling/wall lamp WW24;Entrance small ceiling lamp STOFTMOLN;light.entrance_small_stoftmoln_ceiling_lamp_ww24_light;IKEA of Sweden STOFTMOLN ceiling/wall lamp WW24;light;
28:76:81:ff:fe:9d:23:4d;0x275B;STOFTMOLN ceiling/wall lamp WW24;Entrance small ceiling lamp STOFTMOLN;number.entrance_small_stoftmoln_ceiling_lamp_ww24_on_off_transition_time;IKEA of Sweden STOFTMOLN ceiling/wall lamp WW24;number;
28:76:81:ff:fe:9d:23:4d;0x275B;STOFTMOLN ceiling/wall lamp WW24;Entrance small ceiling lamp STOFTMOLN;number.entrance_small_stoftmoln_ceiling_lamp_ww24_on_level;IKEA of Sweden STOFTMOLN ceiling/wall lamp WW24;number;
28:76:81:ff:fe:9d:23:4d;0x275B;STOFTMOLN ceiling/wall lamp WW24;Entrance small ceiling lamp STOFTMOLN;number.entrance_small_stoftmoln_ceiling_lamp_ww24_start_up_current_level;IKEA of Sweden STOFTMOLN ceiling/wall lamp WW24;number;
28:76:81:ff:fe:9d:23:4d;0x275B;STOFTMOLN ceiling/wall lamp WW24;Entrance small ceiling lamp STOFTMOLN;select.entrance_small_stoftmoln_ceiling_lamp_ww24_start_up_behavior;IKEA of Sweden STOFTMOLN ceiling/wall lamp WW24;select;
28:76:81:ff:fe:9d:23:4d;0x275B;STOFTMOLN ceiling/wall lamp WW24;Entrance small ceiling lamp STOFTMOLN;update.entrance_small_stoftmoln_ceiling_lamp_ww24_firmware;IKEA of Sweden STOFTMOLN ceiling/wall lamp WW24;update;
5c:c7:c1:ff:fe:62:49:49;0xD3EA;TRADFRI bulb E14 WS globe 470lm;Kitchen light 3 TRADFRI;button.ikea_tradfri_e14_kitchen_light_3_identify;IKEA of Sweden TRADFRI bulb E14 WS globe 470lm;button;
5c:c7:c1:ff:fe:62:49:49;0xD3EA;TRADFRI bulb E14 WS globe 470lm;Kitchen light 3 TRADFRI;light.ikea_tradfri_e14_kitchen_light_3_light;IKEA of Sweden TRADFRI bulb E14 WS globe 470lm;light;
5c:c7:c1:ff:fe:62:49:49;0xD3EA;TRADFRI bulb E14 WS globe 470lm;Kitchen light 3 TRADFRI;number.ikea_tradfri_e14_kitchen_light_3_on_off_transition_time;IKEA of Sweden TRADFRI bulb E14 WS globe 470lm;number;
5c:c7:c1:ff:fe:62:49:49;0xD3EA;TRADFRI bulb E14 WS globe 470lm;Kitchen light 3 TRADFRI;number.ikea_tradfri_e14_kitchen_light_3_on_level;IKEA of Sweden TRADFRI bulb E14 WS globe 470lm;number;
5c:c7:c1:ff:fe:62:49:49;0xD3EA;TRADFRI bulb E14 WS globe 470lm;Kitchen light 3 TRADFRI;number.ikea_tradfri_e14_kitchen_light_3_start_up_current_level;IKEA of Sweden TRADFRI bulb E14 WS globe 470lm;number;
5c:c7:c1:ff:fe:62:49:49;0xD3EA;TRADFRI bulb E14 WS globe 470lm;Kitchen light 3 TRADFRI;number.ikea_tradfri_e14_kitchen_light_3_start_up_color_temperature;IKEA of Sweden TRADFRI bulb E14 WS globe 470lm;number;
5c:c7:c1:ff:fe:62:49:49;0xD3EA;TRADFRI bulb E14 WS globe 470lm;Kitchen light 3 TRADFRI;select.ikea_tradfri_e14_kitchen_light_3_start_up_behavior;IKEA of Sweden TRADFRI bulb E14 WS globe 470lm;select;
5c:c7:c1:ff:fe:62:49:49;0xD3EA;TRADFRI bulb E14 WS globe 470lm;Kitchen light 3 TRADFRI;update.tradfri_e14_kitchen_light_3_ikea_firmware;IKEA of Sweden TRADFRI bulb E14 WS globe 470lm;update;
8c:65:a3:ff:fe:35:a2:90;0xFAF8;VALLHORN Wireless Motion Sensor;Enrance motion sensor VALLHORN;binary_sensor.enrance_vallhorn_opening_3;IKEA of Sweden VALLHORN Wireless Motion Sensor;binary_sensor;
8c:65:a3:ff:fe:35:a2:90;0xFAF8;VALLHORN Wireless Motion Sensor;Enrance motion sensor VALLHORN;binary_sensor.enrance_vallhorn_occupancy_3;IKEA of Sweden VALLHORN Wireless Motion Sensor;binary_sensor;
8c:65:a3:ff:fe:35:a2:90;0xFAF8;VALLHORN Wireless Motion Sensor;Enrance motion sensor VALLHORN;button.enrance_vallhorn_identify_3;IKEA of Sweden VALLHORN Wireless Motion Sensor;button;
8c:65:a3:ff:fe:35:a2:90;0xFAF8;VALLHORN Wireless Motion Sensor;Enrance motion sensor VALLHORN;number.enrance_vallhorn_on_time;IKEA of Sweden VALLHORN Wireless Motion Sensor;number;
8c:65:a3:ff:fe:35:a2:90;0xFAF8;VALLHORN Wireless Motion Sensor;Enrance motion sensor VALLHORN;sensor.enrance_vallhorn_battery_3;IKEA of Sweden VALLHORN Wireless Motion Sensor;sensor;
8c:65:a3:ff:fe:35:a2:90;0xFAF8;VALLHORN Wireless Motion Sensor;Enrance motion sensor VALLHORN;sensor.enrance_vallhorn_illuminance_3;IKEA of Sweden VALLHORN Wireless Motion Sensor;sensor;
8c:65:a3:ff:fe:35:a2:90;0xFAF8;VALLHORN Wireless Motion Sensor;Enrance motion sensor VALLHORN;switch.enrance_vallhorn_on_only_when_dark;IKEA of Sweden VALLHORN Wireless Motion Sensor;switch;
8c:65:a3:ff:fe:35:a2:90;0xFAF8;VALLHORN Wireless Motion Sensor;Enrance motion sensor VALLHORN;update.enrance_vallhorn_firmware_2;IKEA of Sweden VALLHORN Wireless Motion Sensor;update;
a4:6d:d4:ff:fe:50:95:98;0x5B4F;TRADFRI bulb E14 WS candle 470lm;Living room ceiling light 1 TRADFRI;button.ikea_of_sweden_tradfri_bulb_e14_ws_candle_470lm_identify_2;IKEA of Sweden TRADFRI bulb E14 WS candle 470lm;button;
a4:6d:d4:ff:fe:50:95:98;0x5B4F;TRADFRI bulb E14 WS candle 470lm;Living room ceiling light 1 TRADFRI;light.ikea_of_sweden_tradfri_bulb_e14_ws_candle_470lm_light_2;IKEA of Sweden TRADFRI bulb E14 WS candle 470lm;light;
a4:6d:d4:ff:fe:50:95:98;0x5B4F;TRADFRI bulb E14 WS candle 470lm;Living room ceiling light 1 TRADFRI;number.ikea_of_sweden_tradfri_bulb_e14_ws_candle_470lm_on_off_transition_time_2;IKEA of Sweden TRADFRI bulb E14 WS candle 470lm;number;
a4:6d:d4:ff:fe:50:95:98;0x5B4F;TRADFRI bulb E14 WS candle 470lm;Living room ceiling light 1 TRADFRI;number.ikea_of_sweden_tradfri_bulb_e14_ws_candle_470lm_on_level_2;IKEA of Sweden TRADFRI bulb E14 WS candle 470lm;number;
a4:6d:d4:ff:fe:50:95:98;0x5B4F;TRADFRI bulb E14 WS candle 470lm;Living room ceiling light 1 TRADFRI;number.ikea_of_sweden_tradfri_bulb_e14_ws_candle_470lm_start_up_current_level_2;IKEA of Sweden TRADFRI bulb E14 WS candle 470lm;number;
a4:6d:d4:ff:fe:50:95:98;0x5B4F;TRADFRI bulb E14 WS candle 470lm;Living room ceiling light 1 TRADFRI;number.ikea_of_sweden_tradfri_bulb_e14_ws_candle_470lm_start_up_color_temperature_2;IKEA of Sweden TRADFRI bulb E14 WS candle 470lm;number;
a4:6d:d4:ff:fe:50:95:98;0x5B4F;TRADFRI bulb E14 WS candle 470lm;Living room ceiling light 1 TRADFRI;select.ikea_of_sweden_tradfri_bulb_e14_ws_candle_470lm_start_up_behavior_2;IKEA of Sweden TRADFRI bulb E14 WS candle 470lm;select;
a4:6d:d4:ff:fe:50:95:98;0x5B4F;TRADFRI bulb E14 WS candle 470lm;Living room ceiling light 1 TRADFRI;update.tradfri_bulb_e14_ws_candle_470lm_ikea_firmware_2;IKEA of Sweden TRADFRI bulb E14 WS candle 470lm;update;
a4:c1:38:cb:30:71:98:15;0x8ADA;TS0201;Living room temperature and humidity sensor TZ3000;button.temperature_humidity_sensor2_identify;_TZ3000_fllyghyj TS0201;button;
a4:c1:38:cb:30:71:98:15;0x8ADA;TS0201;Living room temperature and humidity sensor TZ3000;sensor.temperature_humidity_sensor2_battery;_TZ3000_fllyghyj TS0201;sensor;
a4:c1:38:cb:30:71:98:15;0x8ADA;TS0201;Living room temperature and humidity sensor TZ3000;sensor.temperature_humidity_sensor2_temperature;_TZ3000_fllyghyj TS0201;sensor;
a4:c1:38:cb:30:71:98:15;0x8ADA;TS0201;Living room temperature and humidity sensor TZ3000;sensor.temperature_humidity_sensor2_humidity;_TZ3000_fllyghyj TS0201;sensor;
a4:c1:38:cb:30:71:98:15;0x8ADA;TS0201;Living room temperature and humidity sensor TZ3000;update.temperature_humidity_sensor2_firmware;_TZ3000_fllyghyj TS0201;update;
5c:c7:c1:ff:fe:b1:54:d2;0xD857;TRADFRI bulb E14 WS globe 470lm;Kitchen light 1 TRADFRI;button.ikea_tradfri_e14_kitchen_light_1_identify;IKEA of Sweden TRADFRI bulb E14 WS globe 470lm;button;
5c:c7:c1:ff:fe:b1:54:d2;0xD857;TRADFRI bulb E14 WS globe 470lm;Kitchen light 1 TRADFRI;light.ikea_tradfri_e14_kitchen_light_1_light;IKEA of Sweden TRADFRI bulb E14 WS globe 470lm;light;
5c:c7:c1:ff:fe:b1:54:d2;0xD857;TRADFRI bulb E14 WS globe 470lm;Kitchen light 1 TRADFRI;number.ikea_tradfri_e14_kitchen_light_1_on_off_transition_time;IKEA of Sweden TRADFRI bulb E14 WS globe 470lm;number;
5c:c7:c1:ff:fe:b1:54:d2;0xD857;TRADFRI bulb E14 WS globe 470lm;Kitchen light 1 TRADFRI;number.ikea_tradfri_e14_kitchen_light_1_on_level;IKEA of Sweden TRADFRI bulb E14 WS globe 470lm;number;
5c:c7:c1:ff:fe:b1:54:d2;0xD857;TRADFRI bulb E14 WS globe 470lm;Kitchen light 1 TRADFRI;number.ikea_tradfri_e14_kitchen_light_1_start_up_current_level;IKEA of Sweden TRADFRI bulb E14 WS globe 470lm;number;
5c:c7:c1:ff:fe:b1:54:d2;0xD857;TRADFRI bulb E14 WS globe 470lm;Kitchen light 1 TRADFRI;number.ikea_tradfri_e14_kitchen_light_1_start_up_color_temperature;IKEA of Sweden TRADFRI bulb E14 WS globe 470lm;number;
5c:c7:c1:ff:fe:b1:54:d2;0xD857;TRADFRI bulb E14 WS globe 470lm;Kitchen light 1 TRADFRI;select.ikea_tradfri_e14_kitchen_light_1_start_up_behavior;IKEA of Sweden TRADFRI bulb E14 WS globe 470lm;select;
5c:c7:c1:ff:fe:b1:54:d2;0xD857;TRADFRI bulb E14 WS globe 470lm;Kitchen light 1 TRADFRI;update.tradfri_e14_kitchen_light_1_ikea_firmware;IKEA of Sweden TRADFRI bulb E14 WS globe 470lm;update;
94:b2:16:ff:fe:ee:e5:31;0x3CC4;TRADFRI bulb E14 WS candle 470lm;Dining room 1 ceiling light bulb TRADFRI;button.tradfri_bulb_e14_ws_candle_470lm_dinning_room_new_1_identify_6;IKEA of Sweden TRADFRI bulb E14 WS candle 470lm;button;
94:b2:16:ff:fe:ee:e5:31;0x3CC4;TRADFRI bulb E14 WS candle 470lm;Dining room 1 ceiling light bulb TRADFRI;light.tradfri_bulb_e14_ws_candle_470lm_dinning_room_new_1_light_6;IKEA of Sweden TRADFRI bulb E14 WS candle 470lm;light;
94:b2:16:ff:fe:ee:e5:31;0x3CC4;TRADFRI bulb E14 WS candle 470lm;Dining room 1 ceiling light bulb TRADFRI;number.tradfri_bulb_e14_ws_candle_470lm_dinning_room_new_1_on_off_transition_time_6;IKEA of Sweden TRADFRI bulb E14 WS candle 470lm;number;
94:b2:16:ff:fe:ee:e5:31;0x3CC4;TRADFRI bulb E14 WS candle 470lm;Dining room 1 ceiling light bulb TRADFRI;number.tradfri_bulb_e14_ws_candle_470lm_dinning_room_new_1_on_level_6;IKEA of Sweden TRADFRI bulb E14 WS candle 470lm;number;
94:b2:16:ff:fe:ee:e5:31;0x3CC4;TRADFRI bulb E14 WS candle 470lm;Dining room 1 ceiling light bulb TRADFRI;number.tradfri_bulb_e14_ws_candle_470lm_dinning_room_new_1_start_up_current_level_6;IKEA of Sweden TRADFRI bulb E14 WS candle 470lm;number;
94:b2:16:ff:fe:ee:e5:31;0x3CC4;TRADFRI bulb E14 WS candle 470lm;Dining room 1 ceiling light bulb TRADFRI;number.tradfri_bulb_e14_ws_candle_470lm_dinning_room_new_1_start_up_color_temperature_6;IKEA of Sweden TRADFRI bulb E14 WS candle 470lm;number;
94:b2:16:ff:fe:ee:e5:31;0x3CC4;TRADFRI bulb E14 WS candle 470lm;Dining room 1 ceiling light bulb TRADFRI;select.tradfri_bulb_e14_ws_candle_470lm_dinning_room_new_1_start_up_behavior_6;IKEA of Sweden TRADFRI bulb E14 WS candle 470lm;select;
94:b2:16:ff:fe:ee:e5:31;0x3CC4;TRADFRI bulb E14 WS candle 470lm;Dining room 1 ceiling light bulb TRADFRI;update.dining_room_1_ceiling_light_bulb_ikea_tradfri_e14_470lm_firmware;IKEA of Sweden TRADFRI bulb E14 WS candle 470lm;update;
a4:c1:38:bd:25:84:f7:ce;0x43CD;TS011F;Living room heater socket TZ3000;button.living_room_heater_socket_tz3000_identify;_TZ3000_cehuw1lw TS011F;button;
a4:c1:38:bd:25:84:f7:ce;0x43CD;TS011F;Living room heater socket TZ3000;select.living_room_heater_socket_tz3000_power_on_state;_TZ3000_cehuw1lw TS011F;select;
a4:c1:38:bd:25:84:f7:ce;0x43CD;TS011F;Living room heater socket TZ3000;select.living_room_heater_socket_tz3000_backlight_mode;_TZ3000_cehuw1lw TS011F;select;
a4:c1:38:bd:25:84:f7:ce;0x43CD;TS011F;Living room heater socket TZ3000;select.living_room_heater_socket_tz3000_start_up_behavior;_TZ3000_cehuw1lw TS011F;select;
a4:c1:38:bd:25:84:f7:ce;0x43CD;TS011F;Living room heater socket TZ3000;sensor.living_room_heater_socket_tz3000_current;_TZ3000_cehuw1lw TS011F;sensor;
a4:c1:38:bd:25:84:f7:ce;0x43CD;TS011F;Living room heater socket TZ3000;sensor.living_room_heater_socket_tz3000_voltage;_TZ3000_cehuw1lw TS011F;sensor;
a4:c1:38:bd:25:84:f7:ce;0x43CD;TS011F;Living room heater socket TZ3000;sensor.living_room_heater_socket_tz3000_power;_TZ3000_cehuw1lw TS011F;sensor;
a4:c1:38:bd:25:84:f7:ce;0x43CD;TS011F;Living room heater socket TZ3000;sensor.living_room_heater_socket_tz3000_summation_delivered;_TZ3000_cehuw1lw TS011F;sensor;
a4:c1:38:bd:25:84:f7:ce;0x43CD;TS011F;Living room heater socket TZ3000;switch.living_room_heater_socket_tz3000_switch;_TZ3000_cehuw1lw TS011F;switch;
a4:c1:38:bd:25:84:f7:ce;0x43CD;TS011F;Living room heater socket TZ3000;switch.living_room_heater_socket_tz3000_child_lock;_TZ3000_cehuw1lw TS011F;switch;
a4:c1:38:bd:25:84:f7:ce;0x43CD;TS011F;Living room heater socket TZ3000;update.living_room_heater_socket_tz3000_firmware;_TZ3000_cehuw1lw TS011F;update;
8c:65:a3:ff:fe:c8:a4:fd;0xD9A6;TRADFRI bulb E14 WS candle 470lm;Dining room 2 ceiling light bulb TRADFRI;button.tradfri_bulb_e14_ws_candle_470lm_2_dining_room_new_identify_6;IKEA of Sweden TRADFRI bulb E14 WS candle 470lm;button;
8c:65:a3:ff:fe:c8:a4:fd;0xD9A6;TRADFRI bulb E14 WS candle 470lm;Dining room 2 ceiling light bulb TRADFRI;light.tradfri_bulb_e14_ws_candle_470lm_2_dining_room_new_light_6;IKEA of Sweden TRADFRI bulb E14 WS candle 470lm;light;
8c:65:a3:ff:fe:c8:a4:fd;0xD9A6;TRADFRI bulb E14 WS candle 470lm;Dining room 2 ceiling light bulb TRADFRI;number.tradfri_bulb_e14_ws_candle_470lm_2_dining_room_new_on_off_transition_time_6;IKEA of Sweden TRADFRI bulb E14 WS candle 470lm;number;
8c:65:a3:ff:fe:c8:a4:fd;0xD9A6;TRADFRI bulb E14 WS candle 470lm;Dining room 2 ceiling light bulb TRADFRI;number.tradfri_bulb_e14_ws_candle_470lm_2_dining_room_new_on_level_6;IKEA of Sweden TRADFRI bulb E14 WS candle 470lm;number;
8c:65:a3:ff:fe:c8:a4:fd;0xD9A6;TRADFRI bulb E14 WS candle 470lm;Dining room 2 ceiling light bulb TRADFRI;number.tradfri_bulb_e14_ws_candle_470lm_2_dining_room_new_start_up_current_level_6;IKEA of Sweden TRADFRI bulb E14 WS candle 470lm;number;
8c:65:a3:ff:fe:c8:a4:fd;0xD9A6;TRADFRI bulb E14 WS candle 470lm;Dining room 2 ceiling light bulb TRADFRI;number.tradfri_bulb_e14_ws_candle_470lm_2_dining_room_new_start_up_color_temperature_6;IKEA of Sweden TRADFRI bulb E14 WS candle 470lm;number;
8c:65:a3:ff:fe:c8:a4:fd;0xD9A6;TRADFRI bulb E14 WS candle 470lm;Dining room 2 ceiling light bulb TRADFRI;select.tradfri_bulb_e14_ws_candle_470lm_2_dining_room_new_start_up_behavior_6;IKEA of Sweden TRADFRI bulb E14 WS candle 470lm;select;
8c:65:a3:ff:fe:c8:a4:fd;0xD9A6;TRADFRI bulb E14 WS candle 470lm;Dining room 2 ceiling light bulb TRADFRI;update.dining_room_2_ceiling_light_bulb_ikea_tradfri_e14_470lm_firmware;IKEA of Sweden TRADFRI bulb E14 WS candle 470lm;update;
8c:65:a3:ff:fe:c8:71:fa;0x8D21;TRADFRI bulb E14 WS candle 470lm;Dining room 4 ceiling light bulb TRADFRI;button.tradfri_bulb_e14_ws_candle_470lm_4_dining_room_new_identify_6;IKEA of Sweden TRADFRI bulb E14 WS candle 470lm;button;
8c:65:a3:ff:fe:c8:71:fa;0x8D21;TRADFRI bulb E14 WS candle 470lm;Dining room 4 ceiling light bulb TRADFRI;light.tradfri_bulb_e14_ws_candle_470lm_4_dining_room_new_light_6;IKEA of Sweden TRADFRI bulb E14 WS candle 470lm;light;
8c:65:a3:ff:fe:c8:71:fa;0x8D21;TRADFRI bulb E14 WS candle 470lm;Dining room 4 ceiling light bulb TRADFRI;number.tradfri_bulb_e14_ws_candle_470lm_4_dining_room_new_on_off_transition_time_6;IKEA of Sweden TRADFRI bulb E14 WS candle 470lm;number;
8c:65:a3:ff:fe:c8:71:fa;0x8D21;TRADFRI bulb E14 WS candle 470lm;Dining room 4 ceiling light bulb TRADFRI;number.tradfri_bulb_e14_ws_candle_470lm_4_dining_room_new_on_level_6;IKEA of Sweden TRADFRI bulb E14 WS candle 470lm;number;
8c:65:a3:ff:fe:c8:71:fa;0x8D21;TRADFRI bulb E14 WS candle 470lm;Dining room 4 ceiling light bulb TRADFRI;number.tradfri_bulb_e14_ws_candle_470lm_4_dining_room_new_start_up_current_level_6;IKEA of Sweden TRADFRI bulb E14 WS candle 470lm;number;
8c:65:a3:ff:fe:c8:71:fa;0x8D21;TRADFRI bulb E14 WS candle 470lm;Dining room 4 ceiling light bulb TRADFRI;number.tradfri_bulb_e14_ws_candle_470lm_4_dining_room_new_start_up_color_temperature_6;IKEA of Sweden TRADFRI bulb E14 WS candle 470lm;number;
8c:65:a3:ff:fe:c8:71:fa;0x8D21;TRADFRI bulb E14 WS candle 470lm;Dining room 4 ceiling light bulb TRADFRI;select.tradfri_bulb_e14_ws_candle_470lm_4_dining_room_new_start_up_behavior_6;IKEA of Sweden TRADFRI bulb E14 WS candle 470lm;select;
8c:65:a3:ff:fe:c8:71:fa;0x8D21;TRADFRI bulb E14 WS candle 470lm;Dining room 4 ceiling light bulb TRADFRI;update.dining_room_4_ceiling_light_bulb_ikea_tradfri_e14_470lm_firmware;IKEA of Sweden TRADFRI bulb E14 WS candle 470lm;update;
a4:6d:d4:ff:fe:50:55:05;0xF150;TRADFRI bulb E14 WS candle 470lm;Dining room Lumi light 2 TRADFRI;button.ikea_tradfri_bulb_e14_lumi_2_identify_6;IKEA of Sweden TRADFRI bulb E14 WS candle 470lm;button;
a4:6d:d4:ff:fe:50:55:05;0xF150;TRADFRI bulb E14 WS candle 470lm;Dining room Lumi light 2 TRADFRI;light.ikea_tradfri_bulb_e14_lumi_2_light_6;IKEA of Sweden TRADFRI bulb E14 WS candle 470lm;light;
a4:6d:d4:ff:fe:50:55:05;0xF150;TRADFRI bulb E14 WS candle 470lm;Dining room Lumi light 2 TRADFRI;number.ikea_tradfri_bulb_e14_lumi_2_on_off_transition_time_6;IKEA of Sweden TRADFRI bulb E14 WS candle 470lm;number;
a4:6d:d4:ff:fe:50:55:05;0xF150;TRADFRI bulb E14 WS candle 470lm;Dining room Lumi light 2 TRADFRI;number.ikea_tradfri_bulb_e14_lumi_2_on_level_6;IKEA of Sweden TRADFRI bulb E14 WS candle 470lm;number;
a4:6d:d4:ff:fe:50:55:05;0xF150;TRADFRI bulb E14 WS candle 470lm;Dining room Lumi light 2 TRADFRI;number.ikea_tradfri_bulb_e14_lumi_2_start_up_current_level_6;IKEA of Sweden TRADFRI bulb E14 WS candle 470lm;number;
a4:6d:d4:ff:fe:50:55:05;0xF150;TRADFRI bulb E14 WS candle 470lm;Dining room Lumi light 2 TRADFRI;number.ikea_tradfri_bulb_e14_lumi_2_start_up_color_temperature_6;IKEA of Sweden TRADFRI bulb E14 WS candle 470lm;number;
a4:6d:d4:ff:fe:50:55:05;0xF150;TRADFRI bulb E14 WS candle 470lm;Dining room Lumi light 2 TRADFRI;select.ikea_tradfri_bulb_e14_lumi_2_start_up_behavior_6;IKEA of Sweden TRADFRI bulb E14 WS candle 470lm;select;
a4:6d:d4:ff:fe:50:55:05;0xF150;TRADFRI bulb E14 WS candle 470lm;Dining room Lumi light 2 TRADFRI;update.tradfri_bulb_e14_lumi_2_ikea_firmware;IKEA of Sweden TRADFRI bulb E14 WS candle 470lm;update;
a4:c1:38:00:79:6a:fc:5f;0x556D;TH01;Dinning room temperature and humidity sensor eWeLink;button.ewelink_th01_identify;eWeLink TH01;button;
a4:c1:38:00:79:6a:fc:5f;0x556D;TH01;Dinning room temperature and humidity sensor eWeLink;sensor.ewelink_th01_battery;eWeLink TH01;sensor;
a4:c1:38:00:79:6a:fc:5f;0x556D;TH01;Dinning room temperature and humidity sensor eWeLink;sensor.ewelink_th01_temperature;eWeLink TH01;sensor;
a4:c1:38:00:79:6a:fc:5f;0x556D;TH01;Dinning room temperature and humidity sensor eWeLink;sensor.ewelink_th01_humidity;eWeLink TH01;sensor;
a4:c1:38:00:79:6a:fc:5f;0x556D;TH01;Dinning room temperature and humidity sensor eWeLink;update.ewelink_th01_firmware;eWeLink TH01;update;
a4:c1:38:ff:b7:4f:43:71;0xC542;TS011F;Second floor stairs garland socket TZ3000;button.tz3000_gvn91tmx_ts011f_identify;_TZ3000_gvn91tmx TS011F;button;
a4:c1:38:ff:b7:4f:43:71;0xC542;TS011F;Second floor stairs garland socket TZ3000;select.tz3000_gvn91tmx_ts011f_power_on_state;_TZ3000_gvn91tmx TS011F;select;
a4:c1:38:ff:b7:4f:43:71;0xC542;TS011F;Second floor stairs garland socket TZ3000;select.tz3000_gvn91tmx_ts011f_backlight_mode;_TZ3000_gvn91tmx TS011F;select;
a4:c1:38:ff:b7:4f:43:71;0xC542;TS011F;Second floor stairs garland socket TZ3000;sensor.tz3000_gvn91tmx_ts011f_rms_current;_TZ3000_gvn91tmx TS011F;sensor;
a4:c1:38:ff:b7:4f:43:71;0xC542;TS011F;Second floor stairs garland socket TZ3000;sensor.tz3000_gvn91tmx_ts011f_rms_voltage;_TZ3000_gvn91tmx TS011F;sensor;
a4:c1:38:ff:b7:4f:43:71;0xC542;TS011F;Second floor stairs garland socket TZ3000;sensor.tz3000_gvn91tmx_ts011f_active_power;_TZ3000_gvn91tmx TS011F;sensor;
a4:c1:38:ff:b7:4f:43:71;0xC542;TS011F;Second floor stairs garland socket TZ3000;sensor.tz3000_gvn91tmx_ts011f_summation_delivered;_TZ3000_gvn91tmx TS011F;sensor;
a4:c1:38:ff:b7:4f:43:71;0xC542;TS011F;Second floor stairs garland socket TZ3000;switch.tz3000_gvn91tmx_ts011f_switch;_TZ3000_gvn91tmx TS011F;switch;
a4:c1:38:ff:b7:4f:43:71;0xC542;TS011F;Second floor stairs garland socket TZ3000;switch.tz3000_gvn91tmx_ts011f_child_lock;_TZ3000_gvn91tmx TS011F;switch;
a4:c1:38:ff:b7:4f:43:71;0xC542;TS011F;Second floor stairs garland socket TZ3000;update.socket_for_second_floor_stairs_garland_firmware;_TZ3000_gvn91tmx TS011F;update;
8c:65:a3:ff:fe:c9:5e:f4;0xAAB7;TRADFRI bulb E14 WS candle 470lm;Dining room 3 ceiling light bulb TRADFRI;button.tradfri_bulb_e14_ws_candle_470lm_3_dining_room_new_identify_6;IKEA of Sweden TRADFRI bulb E14 WS candle 470lm;button;
8c:65:a3:ff:fe:c9:5e:f4;0xAAB7;TRADFRI bulb E14 WS candle 470lm;Dining room 3 ceiling light bulb TRADFRI;light.tradfri_bulb_e14_ws_candle_470lm_3_dining_room_new_light_6;IKEA of Sweden TRADFRI bulb E14 WS candle 470lm;light;
8c:65:a3:ff:fe:c9:5e:f4;0xAAB7;TRADFRI bulb E14 WS candle 470lm;Dining room 3 ceiling light bulb TRADFRI;number.tradfri_bulb_e14_ws_candle_470lm_3_dining_room_new_on_off_transition_time_6;IKEA of Sweden TRADFRI bulb E14 WS candle 470lm;number;
8c:65:a3:ff:fe:c9:5e:f4;0xAAB7;TRADFRI bulb E14 WS candle 470lm;Dining room 3 ceiling light bulb TRADFRI;number.tradfri_bulb_e14_ws_candle_470lm_3_dining_room_new_on_level_6;IKEA of Sweden TRADFRI bulb E14 WS candle 470lm;number;
8c:65:a3:ff:fe:c9:5e:f4;0xAAB7;TRADFRI bulb E14 WS candle 470lm;Dining room 3 ceiling light bulb TRADFRI;number.tradfri_bulb_e14_ws_candle_470lm_3_dining_room_new_start_up_current_level_6;IKEA of Sweden TRADFRI bulb E14 WS candle 470lm;number;
8c:65:a3:ff:fe:c9:5e:f4;0xAAB7;TRADFRI bulb E14 WS candle 470lm;Dining room 3 ceiling light bulb TRADFRI;number.tradfri_bulb_e14_ws_candle_470lm_3_dining_room_new_start_up_color_temperature_6;IKEA of Sweden TRADFRI bulb E14 WS candle 470lm;number;
8c:65:a3:ff:fe:c9:5e:f4;0xAAB7;TRADFRI bulb E14 WS candle 470lm;Dining room 3 ceiling light bulb TRADFRI;select.tradfri_bulb_e14_ws_candle_470lm_3_dining_room_new_start_up_behavior_6;IKEA of Sweden TRADFRI bulb E14 WS candle 470lm;select;
8c:65:a3:ff:fe:c9:5e:f4;0xAAB7;TRADFRI bulb E14 WS candle 470lm;Dining room 3 ceiling light bulb TRADFRI;update.dining_room_3_ceiling_light_bulb_ikea_tradfri_e14_470lm_firmware;IKEA of Sweden TRADFRI bulb E14 WS candle 470lm;update;
a4:c1:38:12:9f:7c:45:39;0xE72D;TS011F;Bedroom light socket TZ3000;button.socket_bedroom_light_identify_2;_TZ3000_gvn91tmx TS011F;button;
a4:c1:38:12:9f:7c:45:39;0xE72D;TS011F;Bedroom light socket TZ3000;select.socket_bedroom_light_power_on_state;_TZ3000_gvn91tmx TS011F;select;
a4:c1:38:12:9f:7c:45:39;0xE72D;TS011F;Bedroom light socket TZ3000;select.socket_bedroom_light_backlight_mode;_TZ3000_gvn91tmx TS011F;select;
a4:c1:38:12:9f:7c:45:39;0xE72D;TS011F;Bedroom light socket TZ3000;sensor.socket_bedroom_light_rms_current_2;_TZ3000_gvn91tmx TS011F;sensor;
a4:c1:38:12:9f:7c:45:39;0xE72D;TS011F;Bedroom light socket TZ3000;sensor.socket_bedroom_light_rms_voltage_2;_TZ3000_gvn91tmx TS011F;sensor;
a4:c1:38:12:9f:7c:45:39;0xE72D;TS011F;Bedroom light socket TZ3000;sensor.socket_bedroom_light_active_power_2;_TZ3000_gvn91tmx TS011F;sensor;
a4:c1:38:12:9f:7c:45:39;0xE72D;TS011F;Bedroom light socket TZ3000;sensor.socket_bedroom_light_summation_delivered_2;_TZ3000_gvn91tmx TS011F;sensor;
a4:c1:38:12:9f:7c:45:39;0xE72D;TS011F;Bedroom light socket TZ3000;switch.socket_bedroom_light_switch_2;_TZ3000_gvn91tmx TS011F;switch;
a4:c1:38:12:9f:7c:45:39;0xE72D;TS011F;Bedroom light socket TZ3000;switch.socket_bedroom_light_child_lock;_TZ3000_gvn91tmx TS011F;switch;
a4:c1:38:12:9f:7c:45:39;0xE72D;TS011F;Bedroom light socket TZ3000;update.socket_bedroom_light_firmware;_TZ3000_gvn91tmx TS011F;update;
8c:65:a3:ff:fe:df:40:df;0xCF74;TRADFRI bulb E14 WS candle 470lm;Dining room 5 ceiling light bulb TRADFRI;button.tradfri_bulb_e14_ws_candle_470lm_5_dining_room_new_identify_6;IKEA of Sweden TRADFRI bulb E14 WS candle 470lm;button;
8c:65:a3:ff:fe:df:40:df;0xCF74;TRADFRI bulb E14 WS candle 470lm;Dining room 5 ceiling light bulb TRADFRI;light.tradfri_bulb_e14_ws_candle_470lm_5_dining_room_new_light_6;IKEA of Sweden TRADFRI bulb E14 WS candle 470lm;light;
8c:65:a3:ff:fe:df:40:df;0xCF74;TRADFRI bulb E14 WS candle 470lm;Dining room 5 ceiling light bulb TRADFRI;number.tradfri_bulb_e14_ws_candle_470lm_5_dining_room_new_on_off_transition_time_6;IKEA of Sweden TRADFRI bulb E14 WS candle 470lm;number;
8c:65:a3:ff:fe:df:40:df;0xCF74;TRADFRI bulb E14 WS candle 470lm;Dining room 5 ceiling light bulb TRADFRI;number.tradfri_bulb_e14_ws_candle_470lm_5_dining_room_new_on_level_6;IKEA of Sweden TRADFRI bulb E14 WS candle 470lm;number;
8c:65:a3:ff:fe:df:40:df;0xCF74;TRADFRI bulb E14 WS candle 470lm;Dining room 5 ceiling light bulb TRADFRI;number.tradfri_bulb_e14_ws_candle_470lm_5_dining_room_new_start_up_current_level_6;IKEA of Sweden TRADFRI bulb E14 WS candle 470lm;number;
8c:65:a3:ff:fe:df:40:df;0xCF74;TRADFRI bulb E14 WS candle 470lm;Dining room 5 ceiling light bulb TRADFRI;number.tradfri_bulb_e14_ws_candle_470lm_5_dining_room_new_start_up_color_temperature_6;IKEA of Sweden TRADFRI bulb E14 WS candle 470lm;number;
8c:65:a3:ff:fe:df:40:df;0xCF74;TRADFRI bulb E14 WS candle 470lm;Dining room 5 ceiling light bulb TRADFRI;select.tradfri_bulb_e14_ws_candle_470lm_5_dining_room_new_start_up_behavior_6;IKEA of Sweden TRADFRI bulb E14 WS candle 470lm;select;
8c:65:a3:ff:fe:df:40:df;0xCF74;TRADFRI bulb E14 WS candle 470lm;Dining room 5 ceiling light bulb TRADFRI;update.dining_room_5_ceiling_light_bulb_ikea_tradfri_e14_470lm_firmware;IKEA of Sweden TRADFRI bulb E14 WS candle 470lm;update;
8c:6f:b9:ff:fe:e1:2c:e5;0xBB72;TRADFRI bulb E27 WS globe 1055lm;Stairs second floor lamp TRADFRI;button.ikea_of_sweden_tradfri_bulb_e27_ws_globe_1055lm_identify_2;IKEA of Sweden TRADFRI bulb E27 WS globe 1055lm;button;
8c:6f:b9:ff:fe:e1:2c:e5;0xBB72;TRADFRI bulb E27 WS globe 1055lm;Stairs second floor lamp TRADFRI;light.ikea_of_sweden_tradfri_bulb_e27_ws_globe_1055lm_light_2;IKEA of Sweden TRADFRI bulb E27 WS globe 1055lm;light;
8c:6f:b9:ff:fe:e1:2c:e5;0xBB72;TRADFRI bulb E27 WS globe 1055lm;Stairs second floor lamp TRADFRI;number.ikea_of_sweden_tradfri_bulb_e27_ws_globe_1055lm_on_off_transition_time_2;IKEA of Sweden TRADFRI bulb E27 WS globe 1055lm;number;
8c:6f:b9:ff:fe:e1:2c:e5;0xBB72;TRADFRI bulb E27 WS globe 1055lm;Stairs second floor lamp TRADFRI;number.ikea_of_sweden_tradfri_bulb_e27_ws_globe_1055lm_on_level_2;IKEA of Sweden TRADFRI bulb E27 WS globe 1055lm;number;
8c:6f:b9:ff:fe:e1:2c:e5;0xBB72;TRADFRI bulb E27 WS globe 1055lm;Stairs second floor lamp TRADFRI;number.ikea_of_sweden_tradfri_bulb_e27_ws_globe_1055lm_start_up_current_level_2;IKEA of Sweden TRADFRI bulb E27 WS globe 1055lm;number;
8c:6f:b9:ff:fe:e1:2c:e5;0xBB72;TRADFRI bulb E27 WS globe 1055lm;Stairs second floor lamp TRADFRI;number.ikea_of_sweden_tradfri_bulb_e27_ws_globe_1055lm_start_up_color_temperature_2;IKEA of Sweden TRADFRI bulb E27 WS globe 1055lm;number;
8c:6f:b9:ff:fe:e1:2c:e5;0xBB72;TRADFRI bulb E27 WS globe 1055lm;Stairs second floor lamp TRADFRI;select.ikea_of_sweden_tradfri_bulb_e27_ws_globe_1055lm_start_up_behavior_2;IKEA of Sweden TRADFRI bulb E27 WS globe 1055lm;select;
8c:6f:b9:ff:fe:e1:2c:e5;0xBB72;TRADFRI bulb E27 WS globe 1055lm;Stairs second floor lamp TRADFRI;update.lamp_stairs_second_floor_ikea_firmware;IKEA of Sweden TRADFRI bulb E27 WS globe 1055lm;update;
2c:11:65:ff:fe:63:b1:b2;0x2B89;TS0501A;Dining room green lamp TZ3000;button.lamp_lidl_tz3000_nosnx7im_ts0501a_identify;_TZ3000_nosnx7im TS0501A;button;
2c:11:65:ff:fe:63:b1:b2;0x2B89;TS0501A;Dining room green lamp TZ3000;light.lamp_lidl_tz3000_nosnx7im_ts0501a_light;_TZ3000_nosnx7im TS0501A;light;
2c:11:65:ff:fe:63:b1:b2;0x2B89;TS0501A;Dining room green lamp TZ3000;update.green_lamp_ikea_firmware;_TZ3000_nosnx7im TS0501A;update;
90:ab:96:ff:fe:39:30:9b;0x3E4E;TRADFRI bulb E27 WW globe 806lm;Sauna lamp TRADFRI;button.sauna_tradfri_bulb_e27_ww_globe_806lm_identify_2;IKEA of Sweden TRADFRI bulb E27 WW globe 806lm;button;
90:ab:96:ff:fe:39:30:9b;0x3E4E;TRADFRI bulb E27 WW globe 806lm;Sauna lamp TRADFRI;light.sauna_tradfri_bulb_e27_ww_globe_806lm_light_2;IKEA of Sweden TRADFRI bulb E27 WW globe 806lm;light;
90:ab:96:ff:fe:39:30:9b;0x3E4E;TRADFRI bulb E27 WW globe 806lm;Sauna lamp TRADFRI;number.sauna_tradfri_bulb_e27_ww_globe_806lm_on_off_transition_time_2;IKEA of Sweden TRADFRI bulb E27 WW globe 806lm;number;
90:ab:96:ff:fe:39:30:9b;0x3E4E;TRADFRI bulb E27 WW globe 806lm;Sauna lamp TRADFRI;number.sauna_tradfri_bulb_e27_ww_globe_806lm_on_level_2;IKEA of Sweden TRADFRI bulb E27 WW globe 806lm;number;
90:ab:96:ff:fe:39:30:9b;0x3E4E;TRADFRI bulb E27 WW globe 806lm;Sauna lamp TRADFRI;number.sauna_tradfri_bulb_e27_ww_globe_806lm_start_up_current_level_2;IKEA of Sweden TRADFRI bulb E27 WW globe 806lm;number;
90:ab:96:ff:fe:39:30:9b;0x3E4E;TRADFRI bulb E27 WW globe 806lm;Sauna lamp TRADFRI;select.sauna_tradfri_bulb_e27_ww_globe_806lm_start_up_behavior_2;IKEA of Sweden TRADFRI bulb E27 WW globe 806lm;select;
90:ab:96:ff:fe:39:30:9b;0x3E4E;TRADFRI bulb E27 WW globe 806lm;Sauna lamp TRADFRI;update.sauna_tradfri_bulb_e27_ww_globe_806lm_firmware;IKEA of Sweden TRADFRI bulb E27 WW globe 806lm;update;
a4:c1:38:8d:b6:86:5c:dc;0x4CF5;TS011F;Living room pilot TZ3000;button.pilot_tz3000_cfnprab5_ts011f_identify;_TZ3000_cfnprab5 TS011F;button;
a4:c1:38:8d:b6:86:5c:dc;0x4CF5;TS011F;Living room pilot TZ3000;light.pilot_tz3000_cfnprab5_ts011f_light;_TZ3000_cfnprab5 TS011F;light;
a4:c1:38:8d:b6:86:5c:dc;0x4CF5;TS011F;Living room pilot TZ3000;light.pilot_tz3000_cfnprab5_ts011f_light_2;_TZ3000_cfnprab5 TS011F;light;
a4:c1:38:8d:b6:86:5c:dc;0x4CF5;TS011F;Living room pilot TZ3000;light.pilot_tz3000_cfnprab5_ts011f_light_3;_TZ3000_cfnprab5 TS011F;light;
a4:c1:38:8d:b6:86:5c:dc;0x4CF5;TS011F;Living room pilot TZ3000;light.pilot_tz3000_cfnprab5_ts011f_light_4;_TZ3000_cfnprab5 TS011F;light;
a4:c1:38:8d:b6:86:5c:dc;0x4CF5;TS011F;Living room pilot TZ3000;light.pilot_tz3000_cfnprab5_ts011f_light_5;_TZ3000_cfnprab5 TS011F;light;
a4:c1:38:8d:b6:86:5c:dc;0x4CF5;TS011F;Living room pilot TZ3000;select.pilot_tz3000_cfnprab5_ts011f_start_up_behavior;_TZ3000_cfnprab5 TS011F;select;
a4:c1:38:8d:b6:86:5c:dc;0x4CF5;TS011F;Living room pilot TZ3000;select.pilot_tz3000_cfnprab5_ts011f_start_up_behavior_2;_TZ3000_cfnprab5 TS011F;select;
a4:c1:38:8d:b6:86:5c:dc;0x4CF5;TS011F;Living room pilot TZ3000;select.pilot_tz3000_cfnprab5_ts011f_start_up_behavior_3;_TZ3000_cfnprab5 TS011F;select;
a4:c1:38:8d:b6:86:5c:dc;0x4CF5;TS011F;Living room pilot TZ3000;select.pilot_tz3000_cfnprab5_ts011f_start_up_behavior_4;_TZ3000_cfnprab5 TS011F;select;
a4:c1:38:8d:b6:86:5c:dc;0x4CF5;TS011F;Living room pilot TZ3000;select.pilot_tz3000_cfnprab5_ts011f_start_up_behavior_5;_TZ3000_cfnprab5 TS011F;select;
30:fb:10:ff:fe:e1:f9:85;0xBA7B;TRADFRI bulb E27 WW globe 806lm;Laundry lamp 1 TRADFRI;button.ikea_tradfri_bulb_e27_ww_globe_806lm_identify;IKEA of Sweden TRADFRI bulb E27 WW globe 806lm;button;
30:fb:10:ff:fe:e1:f9:85;0xBA7B;TRADFRI bulb E27 WW globe 806lm;Laundry lamp 1 TRADFRI;light.ikea_tradfri_bulb_e27_ww_globe_806lm_light;IKEA of Sweden TRADFRI bulb E27 WW globe 806lm;light;
30:fb:10:ff:fe:e1:f9:85;0xBA7B;TRADFRI bulb E27 WW globe 806lm;Laundry lamp 1 TRADFRI;number.ikea_tradfri_bulb_e27_ww_globe_806lm_on_off_transition_time;IKEA of Sweden TRADFRI bulb E27 WW globe 806lm;number;
30:fb:10:ff:fe:e1:f9:85;0xBA7B;TRADFRI bulb E27 WW globe 806lm;Laundry lamp 1 TRADFRI;number.ikea_tradfri_bulb_e27_ww_globe_806lm_on_level;IKEA of Sweden TRADFRI bulb E27 WW globe 806lm;number;
30:fb:10:ff:fe:e1:f9:85;0xBA7B;TRADFRI bulb E27 WW globe 806lm;Laundry lamp 1 TRADFRI;number.ikea_tradfri_bulb_e27_ww_globe_806lm_start_up_current_level;IKEA of Sweden TRADFRI bulb E27 WW globe 806lm;number;
30:fb:10:ff:fe:e1:f9:85;0xBA7B;TRADFRI bulb E27 WW globe 806lm;Laundry lamp 1 TRADFRI;select.ikea_tradfri_bulb_e27_ww_globe_806lm_start_up_behavior;IKEA of Sweden TRADFRI bulb E27 WW globe 806lm;select;
30:fb:10:ff:fe:e1:f9:85;0xBA7B;TRADFRI bulb E27 WW globe 806lm;Laundry lamp 1 TRADFRI;update.tradfri_bulb_e27_laundry_ikea_firmware;IKEA of Sweden TRADFRI bulb E27 WW globe 806lm;update;
70:b3:d5:2b:60:0e:ed:96;0xDE2B;TS011F;Dining room socket microwave TZ3000;button.socket_microwave_identify;_TZ3000_w0qqde0g TS011F;button;
70:b3:d5:2b:60:0e:ed:96;0xDE2B;TS011F;Dining room socket microwave TZ3000;select.socket_microwave_power_on_state;_TZ3000_w0qqde0g TS011F;select;
70:b3:d5:2b:60:0e:ed:96;0xDE2B;TS011F;Dining room socket microwave TZ3000;select.socket_microwave_backlight_mode;_TZ3000_w0qqde0g TS011F;select;
70:b3:d5:2b:60:0e:ed:96;0xDE2B;TS011F;Dining room socket microwave TZ3000;sensor.socket_microwave_rms_current;_TZ3000_w0qqde0g TS011F;sensor;
70:b3:d5:2b:60:0e:ed:96;0xDE2B;TS011F;Dining room socket microwave TZ3000;sensor.socket_microwave_rms_voltage;_TZ3000_w0qqde0g TS011F;sensor;
70:b3:d5:2b:60:0e:ed:96;0xDE2B;TS011F;Dining room socket microwave TZ3000;sensor.socket_microwave_active_power;_TZ3000_w0qqde0g TS011F;sensor;
70:b3:d5:2b:60:0e:ed:96;0xDE2B;TS011F;Dining room socket microwave TZ3000;sensor.socket_microwave_summation_delivered;_TZ3000_w0qqde0g TS011F;sensor;
70:b3:d5:2b:60:0e:ed:96;0xDE2B;TS011F;Dining room socket microwave TZ3000;switch.socket_microwave_switch;_TZ3000_w0qqde0g TS011F;switch;
70:b3:d5:2b:60:0e:ed:96;0xDE2B;TS011F;Dining room socket microwave TZ3000;switch.socket_microwave_child_lock;_TZ3000_w0qqde0g TS011F;switch;
34:10:f4:ff:fe:ef:05:7a;0xCE32;TRADFRI bulb E27 CWS globe 806lm;Dining room changing table TRADFRI;button.new_changing_table_ikea_tradfri_identify;IKEA of Sweden TRADFRI bulb E27 CWS globe 806lm;button;
34:10:f4:ff:fe:ef:05:7a;0xCE32;TRADFRI bulb E27 CWS globe 806lm;Dining room changing table TRADFRI;light.new_changing_table_ikea_tradfri_light;IKEA of Sweden TRADFRI bulb E27 CWS globe 806lm;light;
34:10:f4:ff:fe:ef:05:7a;0xCE32;TRADFRI bulb E27 CWS globe 806lm;Dining room changing table TRADFRI;number.new_changing_table_ikea_tradfri_on_off_transition_time;IKEA of Sweden TRADFRI bulb E27 CWS globe 806lm;number;
34:10:f4:ff:fe:ef:05:7a;0xCE32;TRADFRI bulb E27 CWS globe 806lm;Dining room changing table TRADFRI;number.new_changing_table_ikea_tradfri_on_level;IKEA of Sweden TRADFRI bulb E27 CWS globe 806lm;number;
34:10:f4:ff:fe:ef:05:7a;0xCE32;TRADFRI bulb E27 CWS globe 806lm;Dining room changing table TRADFRI;number.new_changing_table_ikea_tradfri_start_up_current_level;IKEA of Sweden TRADFRI bulb E27 CWS globe 806lm;number;
34:10:f4:ff:fe:ef:05:7a;0xCE32;TRADFRI bulb E27 CWS globe 806lm;Dining room changing table TRADFRI;number.new_changing_table_ikea_tradfri_start_up_color_temperature;IKEA of Sweden TRADFRI bulb E27 CWS globe 806lm;number;
34:10:f4:ff:fe:ef:05:7a;0xCE32;TRADFRI bulb E27 CWS globe 806lm;Dining room changing table TRADFRI;select.new_changing_table_ikea_tradfri_start_up_behavior;IKEA of Sweden TRADFRI bulb E27 CWS globe 806lm;select;
34:10:f4:ff:fe:ef:05:7a;0xCE32;TRADFRI bulb E27 CWS globe 806lm;Dining room changing table TRADFRI;update.new_changing_table_ikea_tradfri_firmware;IKEA of Sweden TRADFRI bulb E27 CWS globe 806lm;update;
90:ab:96:ff:fe:7c:40:92;0x1768;TRADFRI bulb E14 WS candle 470lm;Living room ceiling light 2 TRADFRI;button.ikea_of_sweden_tradfri_bulb_e14_ws_candle_470lm_identify_4;IKEA of Sweden TRADFRI bulb E14 WS candle 470lm;button;
90:ab:96:ff:fe:7c:40:92;0x1768;TRADFRI bulb E14 WS candle 470lm;Living room ceiling light 2 TRADFRI;light.ikea_of_sweden_tradfri_bulb_e14_ws_candle_470lm_light_4;IKEA of Sweden TRADFRI bulb E14 WS candle 470lm;light;
90:ab:96:ff:fe:7c:40:92;0x1768;TRADFRI bulb E14 WS candle 470lm;Living room ceiling light 2 TRADFRI;number.ikea_of_sweden_tradfri_bulb_e14_ws_candle_470lm_on_off_transition_time_4;IKEA of Sweden TRADFRI bulb E14 WS candle 470lm;number;
90:ab:96:ff:fe:7c:40:92;0x1768;TRADFRI bulb E14 WS candle 470lm;Living room ceiling light 2 TRADFRI;number.ikea_of_sweden_tradfri_bulb_e14_ws_candle_470lm_on_level_4;IKEA of Sweden TRADFRI bulb E14 WS candle 470lm;number;
90:ab:96:ff:fe:7c:40:92;0x1768;TRADFRI bulb E14 WS candle 470lm;Living room ceiling light 2 TRADFRI;number.ikea_of_sweden_tradfri_bulb_e14_ws_candle_470lm_start_up_current_level_4;IKEA of Sweden TRADFRI bulb E14 WS candle 470lm;number;
90:ab:96:ff:fe:7c:40:92;0x1768;TRADFRI bulb E14 WS candle 470lm;Living room ceiling light 2 TRADFRI;number.ikea_of_sweden_tradfri_bulb_e14_ws_candle_470lm_start_up_color_temperature_4;IKEA of Sweden TRADFRI bulb E14 WS candle 470lm;number;
90:ab:96:ff:fe:7c:40:92;0x1768;TRADFRI bulb E14 WS candle 470lm;Living room ceiling light 2 TRADFRI;select.ikea_of_sweden_tradfri_bulb_e14_ws_candle_470lm_start_up_behavior_4;IKEA of Sweden TRADFRI bulb E14 WS candle 470lm;select;
90:ab:96:ff:fe:7c:40:92;0x1768;TRADFRI bulb E14 WS candle 470lm;Living room ceiling light 2 TRADFRI;update.tradfri_bulb_e14_ws_candle_470lm_ikea_firmware_4;IKEA of Sweden TRADFRI bulb E14 WS candle 470lm;update;
8c:6f:b9:ff:fe:cb:80:8c;0x3A27;TRADFRI bulb E27 WS globe 1055lm;Shower lamp TRADFRI;button.shower_tradfri_bulb_e27_ws_globe_1055lm_identify_3;IKEA of Sweden TRADFRI bulb E27 WS globe 1055lm;button;
8c:6f:b9:ff:fe:cb:80:8c;0x3A27;TRADFRI bulb E27 WS globe 1055lm;Shower lamp TRADFRI;light.shower_tradfri_bulb_e27_ws_globe_1055lm_light_3;IKEA of Sweden TRADFRI bulb E27 WS globe 1055lm;light;
8c:6f:b9:ff:fe:cb:80:8c;0x3A27;TRADFRI bulb E27 WS globe 1055lm;Shower lamp TRADFRI;number.shower_tradfri_bulb_e27_ws_globe_1055lm_on_off_transition_time_3;IKEA of Sweden TRADFRI bulb E27 WS globe 1055lm;number;
8c:6f:b9:ff:fe:cb:80:8c;0x3A27;TRADFRI bulb E27 WS globe 1055lm;Shower lamp TRADFRI;number.shower_tradfri_bulb_e27_ws_globe_1055lm_on_level_3;IKEA of Sweden TRADFRI bulb E27 WS globe 1055lm;number;
8c:6f:b9:ff:fe:cb:80:8c;0x3A27;TRADFRI bulb E27 WS globe 1055lm;Shower lamp TRADFRI;number.shower_tradfri_bulb_e27_ws_globe_1055lm_start_up_current_level_3;IKEA of Sweden TRADFRI bulb E27 WS globe 1055lm;number;
8c:6f:b9:ff:fe:cb:80:8c;0x3A27;TRADFRI bulb E27 WS globe 1055lm;Shower lamp TRADFRI;number.shower_tradfri_bulb_e27_ws_globe_1055lm_start_up_color_temperature_3;IKEA of Sweden TRADFRI bulb E27 WS globe 1055lm;number;
8c:6f:b9:ff:fe:cb:80:8c;0x3A27;TRADFRI bulb E27 WS globe 1055lm;Shower lamp TRADFRI;select.shower_tradfri_bulb_e27_ws_globe_1055lm_start_up_behavior_3;IKEA of Sweden TRADFRI bulb E27 WS globe 1055lm;select;
8c:6f:b9:ff:fe:cb:80:8c;0x3A27;TRADFRI bulb E27 WS globe 1055lm;Shower lamp TRADFRI;update.shower_tradfri_bulb_e27_ws_globe_1055lm_firmware;IKEA of Sweden TRADFRI bulb E27 WS globe 1055lm;update;
d8:7a:3b:ff:fe:0e:86:98;0x6D6F;TRADFRI bulb E27 WS globe 1055lm;Basement stairs lamp TRADFRI;button.ikea_of_sweden_tradfri_bulb_e27_ws_globe_1055lm_identify;IKEA of Sweden TRADFRI bulb E27 WS globe 1055lm;button;
d8:7a:3b:ff:fe:0e:86:98;0x6D6F;TRADFRI bulb E27 WS globe 1055lm;Basement stairs lamp TRADFRI;light.ikea_of_sweden_tradfri_bulb_e27_ws_globe_1055lm_light;IKEA of Sweden TRADFRI bulb E27 WS globe 1055lm;light;
d8:7a:3b:ff:fe:0e:86:98;0x6D6F;TRADFRI bulb E27 WS globe 1055lm;Basement stairs lamp TRADFRI;number.ikea_of_sweden_tradfri_bulb_e27_ws_globe_1055lm_on_off_transition_time;IKEA of Sweden TRADFRI bulb E27 WS globe 1055lm;number;
d8:7a:3b:ff:fe:0e:86:98;0x6D6F;TRADFRI bulb E27 WS globe 1055lm;Basement stairs lamp TRADFRI;number.ikea_of_sweden_tradfri_bulb_e27_ws_globe_1055lm_on_level;IKEA of Sweden TRADFRI bulb E27 WS globe 1055lm;number;
d8:7a:3b:ff:fe:0e:86:98;0x6D6F;TRADFRI bulb E27 WS globe 1055lm;Basement stairs lamp TRADFRI;number.ikea_of_sweden_tradfri_bulb_e27_ws_globe_1055lm_start_up_current_level;IKEA of Sweden TRADFRI bulb E27 WS globe 1055lm;number;
d8:7a:3b:ff:fe:0e:86:98;0x6D6F;TRADFRI bulb E27 WS globe 1055lm;Basement stairs lamp TRADFRI;number.ikea_of_sweden_tradfri_bulb_e27_ws_globe_1055lm_start_up_color_temperature;IKEA of Sweden TRADFRI bulb E27 WS globe 1055lm;number;
d8:7a:3b:ff:fe:0e:86:98;0x6D6F;TRADFRI bulb E27 WS globe 1055lm;Basement stairs lamp TRADFRI;select.ikea_of_sweden_tradfri_bulb_e27_ws_globe_1055lm_start_up_behavior;IKEA of Sweden TRADFRI bulb E27 WS globe 1055lm;select;
d8:7a:3b:ff:fe:0e:86:98;0x6D6F;TRADFRI bulb E27 WS globe 1055lm;Basement stairs lamp TRADFRI;update.basement_stairs_tradfri_e27_1055lm_ikea_firmware;IKEA of Sweden TRADFRI bulb E27 WS globe 1055lm;update;
90:ab:96:ff:fe:98:72:8d;0x9557;TRADFRI bulb E27 WW globe 806lm;Laundry lamp 2 TRADFRI;button.ikea_of_sweden_tradfri_bulb_e27_ww_globe_806lm_identify;IKEA of Sweden TRADFRI bulb E27 WW globe 806lm;button;
90:ab:96:ff:fe:98:72:8d;0x9557;TRADFRI bulb E27 WW globe 806lm;Laundry lamp 2 TRADFRI;light.ikea_of_sweden_tradfri_bulb_e27_ww_globe_806lm_light;IKEA of Sweden TRADFRI bulb E27 WW globe 806lm;light;
90:ab:96:ff:fe:98:72:8d;0x9557;TRADFRI bulb E27 WW globe 806lm;Laundry lamp 2 TRADFRI;number.ikea_of_sweden_tradfri_bulb_e27_ww_globe_806lm_on_off_transition_time;IKEA of Sweden TRADFRI bulb E27 WW globe 806lm;number;
90:ab:96:ff:fe:98:72:8d;0x9557;TRADFRI bulb E27 WW globe 806lm;Laundry lamp 2 TRADFRI;number.ikea_of_sweden_tradfri_bulb_e27_ww_globe_806lm_on_level;IKEA of Sweden TRADFRI bulb E27 WW globe 806lm;number;
90:ab:96:ff:fe:98:72:8d;0x9557;TRADFRI bulb E27 WW globe 806lm;Laundry lamp 2 TRADFRI;number.ikea_of_sweden_tradfri_bulb_e27_ww_globe_806lm_start_up_current_level;IKEA of Sweden TRADFRI bulb E27 WW globe 806lm;number;
90:ab:96:ff:fe:98:72:8d;0x9557;TRADFRI bulb E27 WW globe 806lm;Laundry lamp 2 TRADFRI;select.ikea_of_sweden_tradfri_bulb_e27_ww_globe_806lm_start_up_behavior;IKEA of Sweden TRADFRI bulb E27 WW globe 806lm;select;
90:ab:96:ff:fe:98:72:8d;0x9557;TRADFRI bulb E27 WW globe 806lm;Laundry lamp 2 TRADFRI;update.tradfri_bulb_e27_laundry_ikea_firmware_2;IKEA of Sweden TRADFRI bulb E27 WW globe 806lm;update;
0c:ae:5f:ff:fe:a6:fb:af;0x1FAB;TRADFRI Driver 10W;Kitchen coffee machine driver TRADFRI;button.ikea_of_sweden_tradfri_driver_10w_identify;IKEA of Sweden TRADFRI Driver 10W;button;
0c:ae:5f:ff:fe:a6:fb:af;0x1FAB;TRADFRI Driver 10W;Kitchen coffee machine driver TRADFRI;light.ikea_of_sweden_tradfri_driver_10w_light;IKEA of Sweden TRADFRI Driver 10W;light;
0c:ae:5f:ff:fe:a6:fb:af;0x1FAB;TRADFRI Driver 10W;Kitchen coffee machine driver TRADFRI;number.ikea_of_sweden_tradfri_driver_10w_on_off_transition_time;IKEA of Sweden TRADFRI Driver 10W;number;
0c:ae:5f:ff:fe:a6:fb:af;0x1FAB;TRADFRI Driver 10W;Kitchen coffee machine driver TRADFRI;number.ikea_of_sweden_tradfri_driver_10w_on_level;IKEA of Sweden TRADFRI Driver 10W;number;
0c:ae:5f:ff:fe:a6:fb:af;0x1FAB;TRADFRI Driver 10W;Kitchen coffee machine driver TRADFRI;number.ikea_of_sweden_tradfri_driver_10w_start_up_current_level;IKEA of Sweden TRADFRI Driver 10W;number;
0c:ae:5f:ff:fe:a6:fb:af;0x1FAB;TRADFRI Driver 10W;Kitchen coffee machine driver TRADFRI;select.ikea_of_sweden_tradfri_driver_10w_start_up_behavior;IKEA of Sweden TRADFRI Driver 10W;select;
0c:ae:5f:ff:fe:a6:fb:af;0x1FAB;TRADFRI Driver 10W;Kitchen coffee machine driver TRADFRI;update.tradfri_driver_10w_coffee_machine_ikea_firmware;IKEA of Sweden TRADFRI Driver 10W;update;
b4:e3:f9:ff:fe:8f:c0:db;0x5E06;PRAKTLYSING cellular blind;Dining room blinder garden PRAKTLYSING;button.ikea_of_sweden_praktlysing_cellular_blind_identify;IKEA of Sweden PRAKTLYSING cellular blind;button;
b4:e3:f9:ff:fe:8f:c0:db;0x5E06;PRAKTLYSING cellular blind;Dining room blinder garden PRAKTLYSING;cover.ikea_of_sweden_praktlysing_cellular_blind_cover;IKEA of Sweden PRAKTLYSING cellular blind;cover;
b4:e3:f9:ff:fe:8f:c0:db;0x5E06;PRAKTLYSING cellular blind;Dining room blinder garden PRAKTLYSING;sensor.ikea_of_sweden_praktlysing_cellular_blind_battery;IKEA of Sweden PRAKTLYSING cellular blind;sensor;
b4:e3:f9:ff:fe:8f:c0:db;0x5E06;PRAKTLYSING cellular blind;Dining room blinder garden PRAKTLYSING;sensor.ikea_of_sweden_praktlysing_cellular_blind_window_covering_type;IKEA of Sweden PRAKTLYSING cellular blind;sensor;
b4:e3:f9:ff:fe:8f:c0:db;0x5E06;PRAKTLYSING cellular blind;Dining room blinder garden PRAKTLYSING;switch.ikea_of_sweden_praktlysing_cellular_blind_inverted;IKEA of Sweden PRAKTLYSING cellular blind;switch;
b4:e3:f9:ff:fe:8f:c0:db;0x5E06;PRAKTLYSING cellular blind;Dining room blinder garden PRAKTLYSING;update.ikea_of_sweden_praktlysing_cellular_blind_firmware;IKEA of Sweden PRAKTLYSING cellular blind;update;
14:2d:41:ff:fe:48:57:65;0x5E1A;TRADFRI Driver 10W;Kitchen sink driver TRADFRI;button.ikea_sink_light_new_hidden_controller_identify_2;IKEA of Sweden TRADFRI Driver 10W;button;
14:2d:41:ff:fe:48:57:65;0x5E1A;TRADFRI Driver 10W;Kitchen sink driver TRADFRI;light.ikea_sink_light_new_hidden_controller_light_2;IKEA of Sweden TRADFRI Driver 10W;light;
14:2d:41:ff:fe:48:57:65;0x5E1A;TRADFRI Driver 10W;Kitchen sink driver TRADFRI;number.ikea_sink_light_new_hidden_controller_on_off_transition_time_2;IKEA of Sweden TRADFRI Driver 10W;number;
14:2d:41:ff:fe:48:57:65;0x5E1A;TRADFRI Driver 10W;Kitchen sink driver TRADFRI;number.ikea_sink_light_new_hidden_controller_on_level_2;IKEA of Sweden TRADFRI Driver 10W;number;
14:2d:41:ff:fe:48:57:65;0x5E1A;TRADFRI Driver 10W;Kitchen sink driver TRADFRI;number.ikea_sink_light_new_hidden_controller_start_up_current_level_2;IKEA of Sweden TRADFRI Driver 10W;number;
14:2d:41:ff:fe:48:57:65;0x5E1A;TRADFRI Driver 10W;Kitchen sink driver TRADFRI;select.ikea_sink_light_new_hidden_controller_start_up_behavior_2;IKEA of Sweden TRADFRI Driver 10W;select;
14:2d:41:ff:fe:48:57:65;0x5E1A;TRADFRI Driver 10W;Kitchen sink driver TRADFRI;update.sink_light_new_hidden_controller_ikea_firmware;IKEA of Sweden TRADFRI Driver 10W;update;
b4:e3:f9:ff:fe:93:69:1f;0xA79A;PRAKTLYSING cellular blind;Dining room blinder road PRAKTLYSING;button.ikea_praktlysing_blinder_road_identify_2;IKEA of Sweden PRAKTLYSING cellular blind;button;
b4:e3:f9:ff:fe:93:69:1f;0xA79A;PRAKTLYSING cellular blind;Dining room blinder road PRAKTLYSING;cover.ikea_praktlysing_blinder_road_cover_2;IKEA of Sweden PRAKTLYSING cellular blind;cover;
b4:e3:f9:ff:fe:93:69:1f;0xA79A;PRAKTLYSING cellular blind;Dining room blinder road PRAKTLYSING;sensor.ikea_praktlysing_blinder_road_battery_2;IKEA of Sweden PRAKTLYSING cellular blind;sensor;
b4:e3:f9:ff:fe:93:69:1f;0xA79A;PRAKTLYSING cellular blind;Dining room blinder road PRAKTLYSING;sensor.praktlysing_blinder_road_ikea_window_covering_type;IKEA of Sweden PRAKTLYSING cellular blind;sensor;
b4:e3:f9:ff:fe:93:69:1f;0xA79A;PRAKTLYSING cellular blind;Dining room blinder road PRAKTLYSING;switch.praktlysing_blinder_road_ikea_inverted;IKEA of Sweden PRAKTLYSING cellular blind;switch;
b4:e3:f9:ff:fe:93:69:1f;0xA79A;PRAKTLYSING cellular blind;Dining room blinder road PRAKTLYSING;update.praktlysing_blinder_road_ikea_firmware;IKEA of Sweden PRAKTLYSING cellular blind;update;
5c:c7:c1:ff:fe:62:87:c0;0xE3EB;TRADFRI bulb E14 WS globe 470lm;Kitchen light 2 TRADFRI;button.ikea_tradfri_e14_kitchen_light_2_identify;IKEA of Sweden TRADFRI bulb E14 WS globe 470lm;button;
5c:c7:c1:ff:fe:62:87:c0;0xE3EB;TRADFRI bulb E14 WS globe 470lm;Kitchen light 2 TRADFRI;light.ikea_tradfri_e14_kitchen_light_2_light;IKEA of Sweden TRADFRI bulb E14 WS globe 470lm;light;
5c:c7:c1:ff:fe:62:87:c0;0xE3EB;TRADFRI bulb E14 WS globe 470lm;Kitchen light 2 TRADFRI;number.ikea_tradfri_e14_kitchen_light_2_on_off_transition_time;IKEA of Sweden TRADFRI bulb E14 WS globe 470lm;number;
5c:c7:c1:ff:fe:62:87:c0;0xE3EB;TRADFRI bulb E14 WS globe 470lm;Kitchen light 2 TRADFRI;number.ikea_tradfri_e14_kitchen_light_2_on_level;IKEA of Sweden TRADFRI bulb E14 WS globe 470lm;number;
5c:c7:c1:ff:fe:62:87:c0;0xE3EB;TRADFRI bulb E14 WS globe 470lm;Kitchen light 2 TRADFRI;number.ikea_tradfri_e14_kitchen_light_2_start_up_current_level;IKEA of Sweden TRADFRI bulb E14 WS globe 470lm;number;
5c:c7:c1:ff:fe:62:87:c0;0xE3EB;TRADFRI bulb E14 WS globe 470lm;Kitchen light 2 TRADFRI;number.ikea_tradfri_e14_kitchen_light_2_start_up_color_temperature;IKEA of Sweden TRADFRI bulb E14 WS globe 470lm;number;
5c:c7:c1:ff:fe:62:87:c0;0xE3EB;TRADFRI bulb E14 WS globe 470lm;Kitchen light 2 TRADFRI;select.ikea_tradfri_e14_kitchen_light_2_start_up_behavior;IKEA of Sweden TRADFRI bulb E14 WS globe 470lm;select;
5c:c7:c1:ff:fe:62:87:c0;0xE3EB;TRADFRI bulb E14 WS globe 470lm;Kitchen light 2 TRADFRI;update.tradfri_e14_kitchen_light_2_ikea_firmware;IKEA of Sweden TRADFRI bulb E14 WS globe 470lm;update;
b4:0e:cf:d0:36:da:00:00;0xFF8B;CK-BL702-AL-01(7009_Z102LG03-1);Living room white lamp 1 (top) eWeLink;button.ewelink_ck_bl702_al_01_7009_z102lg03_1_identify_4;eWeLink CK-BL702-AL-01(7009_Z102LG03-1);button;
b4:0e:cf:d0:36:da:00:00;0xFF8B;CK-BL702-AL-01(7009_Z102LG03-1);Living room white lamp 1 (top) eWeLink;light.ewelink_ck_bl702_al_01_7009_z102lg03_1_light_4;eWeLink CK-BL702-AL-01(7009_Z102LG03-1);light;
b4:0e:cf:d0:36:da:00:00;0xFF8B;CK-BL702-AL-01(7009_Z102LG03-1);Living room white lamp 1 (top) eWeLink;number.ewelink_ck_bl702_al_01_7009_z102lg03_1_on_off_transition_time_2;eWeLink CK-BL702-AL-01(7009_Z102LG03-1);number;
b4:0e:cf:d0:36:da:00:00;0xFF8B;CK-BL702-AL-01(7009_Z102LG03-1);Living room white lamp 1 (top) eWeLink;number.ewelink_ck_bl702_al_01_7009_z102lg03_1_on_level_2;eWeLink CK-BL702-AL-01(7009_Z102LG03-1);number;
b4:0e:cf:d0:36:da:00:00;0xFF8B;CK-BL702-AL-01(7009_Z102LG03-1);Living room white lamp 1 (top) eWeLink;number.ewelink_ck_bl702_al_01_7009_z102lg03_1_start_up_current_level_2;eWeLink CK-BL702-AL-01(7009_Z102LG03-1);number;
b4:0e:cf:d0:36:da:00:00;0xFF8B;CK-BL702-AL-01(7009_Z102LG03-1);Living room white lamp 1 (top) eWeLink;number.ewelink_ck_bl702_al_01_7009_z102lg03_1_start_up_color_temperature_2;eWeLink CK-BL702-AL-01(7009_Z102LG03-1);number;
b4:0e:cf:d0:36:da:00:00;0xFF8B;CK-BL702-AL-01(7009_Z102LG03-1);Living room white lamp 1 (top) eWeLink;select.ewelink_ck_bl702_al_01_7009_z102lg03_1_start_up_behavior_2;eWeLink CK-BL702-AL-01(7009_Z102LG03-1);select;
b4:0e:cf:d0:36:da:00:00;0xFF8B;CK-BL702-AL-01(7009_Z102LG03-1);Living room white lamp 1 (top) eWeLink;update.white_lamp_1_top_ikea_firmware;eWeLink CK-BL702-AL-01(7009_Z102LG03-1);update;
a4:6d:d4:ff:fe:50:9f:25;0x4455;TRADFRI bulb E14 WS candle 470lm;Living room ceiling light 3 TRADFRI;button.ikea_of_sweden_tradfri_bulb_e14_ws_candle_470lm_identify_5;IKEA of Sweden TRADFRI bulb E14 WS candle 470lm;button;
a4:6d:d4:ff:fe:50:9f:25;0x4455;TRADFRI bulb E14 WS candle 470lm;Living room ceiling light 3 TRADFRI;light.ikea_of_sweden_tradfri_bulb_e14_ws_candle_470lm_light_5;IKEA of Sweden TRADFRI bulb E14 WS candle 470lm;light;
a4:6d:d4:ff:fe:50:9f:25;0x4455;TRADFRI bulb E14 WS candle 470lm;Living room ceiling light 3 TRADFRI;number.ikea_of_sweden_tradfri_bulb_e14_ws_candle_470lm_on_off_transition_time_5;IKEA of Sweden TRADFRI bulb E14 WS candle 470lm;number;
a4:6d:d4:ff:fe:50:9f:25;0x4455;TRADFRI bulb E14 WS candle 470lm;Living room ceiling light 3 TRADFRI;number.ikea_of_sweden_tradfri_bulb_e14_ws_candle_470lm_on_level_5;IKEA of Sweden TRADFRI bulb E14 WS candle 470lm;number;
a4:6d:d4:ff:fe:50:9f:25;0x4455;TRADFRI bulb E14 WS candle 470lm;Living room ceiling light 3 TRADFRI;number.ikea_of_sweden_tradfri_bulb_e14_ws_candle_470lm_start_up_current_level_5;IKEA of Sweden TRADFRI bulb E14 WS candle 470lm;number;
a4:6d:d4:ff:fe:50:9f:25;0x4455;TRADFRI bulb E14 WS candle 470lm;Living room ceiling light 3 TRADFRI;number.ikea_of_sweden_tradfri_bulb_e14_ws_candle_470lm_start_up_color_temperature_5;IKEA of Sweden TRADFRI bulb E14 WS candle 470lm;number;
a4:6d:d4:ff:fe:50:9f:25;0x4455;TRADFRI bulb E14 WS candle 470lm;Living room ceiling light 3 TRADFRI;select.ikea_of_sweden_tradfri_bulb_e14_ws_candle_470lm_start_up_behavior_5;IKEA of Sweden TRADFRI bulb E14 WS candle 470lm;select;
a4:6d:d4:ff:fe:50:9f:25;0x4455;TRADFRI bulb E14 WS candle 470lm;Living room ceiling light 3 TRADFRI;update.tradfri_bulb_e14_ws_candle_470lm_ikea_firmware_5;IKEA of Sweden TRADFRI bulb E14 WS candle 470lm;update;
90:39:5e:ff:fe:e6:c0:cb;0xC490;TRADFRI bulb E14 WS candle 470lm;Living room ceiling light 4 TRADFRI;button.ikea_of_sweden_tradfri_bulb_e14_ws_candle_470lm_identify;IKEA of Sweden TRADFRI bulb E14 WS candle 470lm;button;
90:39:5e:ff:fe:e6:c0:cb;0xC490;TRADFRI bulb E14 WS candle 470lm;Living room ceiling light 4 TRADFRI;light.ikea_of_sweden_tradfri_bulb_e14_ws_candle_470lm_light;IKEA of Sweden TRADFRI bulb E14 WS candle 470lm;light;
90:39:5e:ff:fe:e6:c0:cb;0xC490;TRADFRI bulb E14 WS candle 470lm;Living room ceiling light 4 TRADFRI;number.ikea_of_sweden_tradfri_bulb_e14_ws_candle_470lm_on_off_transition_time;IKEA of Sweden TRADFRI bulb E14 WS candle 470lm;number;
90:39:5e:ff:fe:e6:c0:cb;0xC490;TRADFRI bulb E14 WS candle 470lm;Living room ceiling light 4 TRADFRI;number.ikea_of_sweden_tradfri_bulb_e14_ws_candle_470lm_on_level;IKEA of Sweden TRADFRI bulb E14 WS candle 470lm;number;
90:39:5e:ff:fe:e6:c0:cb;0xC490;TRADFRI bulb E14 WS candle 470lm;Living room ceiling light 4 TRADFRI;number.ikea_of_sweden_tradfri_bulb_e14_ws_candle_470lm_start_up_current_level;IKEA of Sweden TRADFRI bulb E14 WS candle 470lm;number;
90:39:5e:ff:fe:e6:c0:cb;0xC490;TRADFRI bulb E14 WS candle 470lm;Living room ceiling light 4 TRADFRI;number.ikea_of_sweden_tradfri_bulb_e14_ws_candle_470lm_start_up_color_temperature;IKEA of Sweden TRADFRI bulb E14 WS candle 470lm;number;
90:39:5e:ff:fe:e6:c0:cb;0xC490;TRADFRI bulb E14 WS candle 470lm;Living room ceiling light 4 TRADFRI;select.ikea_of_sweden_tradfri_bulb_e14_ws_candle_470lm_start_up_behavior;IKEA of Sweden TRADFRI bulb E14 WS candle 470lm;select;
90:39:5e:ff:fe:e6:c0:cb;0xC490;TRADFRI bulb E14 WS candle 470lm;Living room ceiling light 4 TRADFRI;update.tradfri_bulb_e14_ws_candle_470lm_ikea_firmware;IKEA of Sweden TRADFRI bulb E14 WS candle 470lm;update;
a4:c1:38:b6:26:01:9b:1e;0xAF7F;TS0503B;Fireplace RGB TZ3210;button.fireplace_rgb_tz3210_identify;_TZ3210_wp1k8xws TS0503B;button;
a4:c1:38:b6:26:01:9b:1e;0xAF7F;TS0503B;Fireplace RGB TZ3210;light.fireplace_rgb_tz3210_light;_TZ3210_wp1k8xws TS0503B;light;
a4:c1:38:b6:26:01:9b:1e;0xAF7F;TS0503B;Fireplace RGB TZ3210;update.fireplace_rgb_tz3210_firmware;_TZ3210_wp1k8xws TS0503B;update;
28:76:81:ff:fe:9c:b1:60;0x2FF2;TRADFRI bulb E14 WS candle 470lm;Living room ceiling light 5 TRADFRI;button.ikea_of_sweden_tradfri_bulb_e14_ws_candle_470lm_identify_3;IKEA of Sweden TRADFRI bulb E14 WS candle 470lm;button;
28:76:81:ff:fe:9c:b1:60;0x2FF2;TRADFRI bulb E14 WS candle 470lm;Living room ceiling light 5 TRADFRI;light.ikea_of_sweden_tradfri_bulb_e14_ws_candle_470lm_light_3;IKEA of Sweden TRADFRI bulb E14 WS candle 470lm;light;
28:76:81:ff:fe:9c:b1:60;0x2FF2;TRADFRI bulb E14 WS candle 470lm;Living room ceiling light 5 TRADFRI;number.ikea_of_sweden_tradfri_bulb_e14_ws_candle_470lm_on_off_transition_time_3;IKEA of Sweden TRADFRI bulb E14 WS candle 470lm;number;
28:76:81:ff:fe:9c:b1:60;0x2FF2;TRADFRI bulb E14 WS candle 470lm;Living room ceiling light 5 TRADFRI;number.ikea_of_sweden_tradfri_bulb_e14_ws_candle_470lm_on_level_3;IKEA of Sweden TRADFRI bulb E14 WS candle 470lm;number;
28:76:81:ff:fe:9c:b1:60;0x2FF2;TRADFRI bulb E14 WS candle 470lm;Living room ceiling light 5 TRADFRI;number.ikea_of_sweden_tradfri_bulb_e14_ws_candle_470lm_start_up_current_level_3;IKEA of Sweden TRADFRI bulb E14 WS candle 470lm;number;
28:76:81:ff:fe:9c:b1:60;0x2FF2;TRADFRI bulb E14 WS candle 470lm;Living room ceiling light 5 TRADFRI;number.ikea_of_sweden_tradfri_bulb_e14_ws_candle_470lm_start_up_color_temperature_3;IKEA of Sweden TRADFRI bulb E14 WS candle 470lm;number;
28:76:81:ff:fe:9c:b1:60;0x2FF2;TRADFRI bulb E14 WS candle 470lm;Living room ceiling light 5 TRADFRI;select.ikea_of_sweden_tradfri_bulb_e14_ws_candle_470lm_start_up_behavior_3;IKEA of Sweden TRADFRI bulb E14 WS candle 470lm;select;
28:76:81:ff:fe:9c:b1:60;0x2FF2;TRADFRI bulb E14 WS candle 470lm;Living room ceiling light 5 TRADFRI;update.tradfri_bulb_e14_ws_candle_470lm_ikea_firmware_3;IKEA of Sweden TRADFRI bulb E14 WS candle 470lm;update;
a4:c1:38:c2:54:28:15:a6;0x1604;TS0505B;Bedroom ceiling light TZ3210;button.bedroom_ceiling_light_tz3210_identify;_TZ3210_katchgxy TS0505B;button;
a4:c1:38:c2:54:28:15:a6;0x1604;TS0505B;Bedroom ceiling light TZ3210;light.bedroom_ceiling_light_tz3210_light;_TZ3210_katchgxy TS0505B;light;
a4:c1:38:c2:54:28:15:a6;0x1604;TS0505B;Bedroom ceiling light TZ3210;update.bedroom_ceiling_light_tz3210_firmware;_TZ3210_katchgxy TS0505B;update;
6c:fd:22:ff:fe:17:0f:6a;0x7FF8;TRETAKT Smart plug;Workshop smart plug light TRETAKT;button.tretakt_smart_plug_workshop_light_identify;IKEA of Sweden TRETAKT Smart plug;button;
6c:fd:22:ff:fe:17:0f:6a;0x7FF8;TRETAKT Smart plug;Workshop smart plug light TRETAKT;select.tretakt_smart_plug_workshop_light_start_up_behavior;IKEA of Sweden TRETAKT Smart plug;select;
6c:fd:22:ff:fe:17:0f:6a;0x7FF8;TRETAKT Smart plug;Workshop smart plug light TRETAKT;switch.tretakt_smart_plug_workshop_light_switch;IKEA of Sweden TRETAKT Smart plug;switch;
6c:fd:22:ff:fe:17:0f:6a;0x7FF8;TRETAKT Smart plug;Workshop smart plug light TRETAKT;switch.workshop_smart_plug_light_tretakt_child_lock;IKEA of Sweden TRETAKT Smart plug;switch;
6c:fd:22:ff:fe:17:0f:6a;0x7FF8;TRETAKT Smart plug;Workshop smart plug light TRETAKT;switch.workshop_smart_plug_light_tretakt_disable_led;IKEA of Sweden TRETAKT Smart plug;switch;
6c:fd:22:ff:fe:17:0f:6a;0x7FF8;TRETAKT Smart plug;Workshop smart plug light TRETAKT;update.tretakt_smart_plug_workshop_light_firmware;IKEA of Sweden TRETAKT Smart plug;update;
b4:0e:cf:d0:4f:ed:00:00;0x0949;CK-BL702-AL-01(7009_Z102LG03-1);Living room white lamp 2 (bottom) eWeLink;button.ewelink_ck_bl702_al_01_7009_z102lg03_1_identify;eWeLink CK-BL702-AL-01(7009_Z102LG03-1);button;
b4:0e:cf:d0:4f:ed:00:00;0x0949;CK-BL702-AL-01(7009_Z102LG03-1);Living room white lamp 2 (bottom) eWeLink;light.ewelink_ck_bl702_al_01_7009_z102lg03_1_light;eWeLink CK-BL702-AL-01(7009_Z102LG03-1);light;
b4:0e:cf:d0:4f:ed:00:00;0x0949;CK-BL702-AL-01(7009_Z102LG03-1);Living room white lamp 2 (bottom) eWeLink;number.kitchen_light_rgb1_on_off_transition_time;eWeLink CK-BL702-AL-01(7009_Z102LG03-1);number;
b4:0e:cf:d0:4f:ed:00:00;0x0949;CK-BL702-AL-01(7009_Z102LG03-1);Living room white lamp 2 (bottom) eWeLink;number.kitchen_light_rgb1_on_level;eWeLink CK-BL702-AL-01(7009_Z102LG03-1);number;
b4:0e:cf:d0:4f:ed:00:00;0x0949;CK-BL702-AL-01(7009_Z102LG03-1);Living room white lamp 2 (bottom) eWeLink;number.kitchen_light_rgb1_start_up_current_level;eWeLink CK-BL702-AL-01(7009_Z102LG03-1);number;
b4:0e:cf:d0:4f:ed:00:00;0x0949;CK-BL702-AL-01(7009_Z102LG03-1);Living room white lamp 2 (bottom) eWeLink;number.kitchen_light_rgb1_start_up_color_temperature;eWeLink CK-BL702-AL-01(7009_Z102LG03-1);number;
b4:0e:cf:d0:4f:ed:00:00;0x0949;CK-BL702-AL-01(7009_Z102LG03-1);Living room white lamp 2 (bottom) eWeLink;select.kitchen_light_rgb1_start_up_behavior;eWeLink CK-BL702-AL-01(7009_Z102LG03-1);select;
b4:0e:cf:d0:4f:ed:00:00;0x0949;CK-BL702-AL-01(7009_Z102LG03-1);Living room white lamp 2 (bottom) eWeLink;update.white_lamp_2_bottom_ikea_firmware;eWeLink CK-BL702-AL-01(7009_Z102LG03-1);update;
a4:c1:38:59:a6:cf:91:c3;0x462D;TS0001;Toilet light TZ3000;button.toilet_light_tz3000_npzfdcof_ts0001_identify;_TZ3000_npzfdcof TS0001;button;
a4:c1:38:59:a6:cf:91:c3;0x462D;TS0001;Toilet light TZ3000;light.toilet_light_tz3000_npzfdcof_ts0001_light;_TZ3000_npzfdcof TS0001;light;
a4:c1:38:59:a6:cf:91:c3;0x462D;TS0001;Toilet light TZ3000;select.toilet_light_tz3000_npzfdcof_ts0001_power_on_state;_TZ3000_npzfdcof TS0001;select;
a4:c1:38:59:a6:cf:91:c3;0x462D;TS0001;Toilet light TZ3000;select.toilet_light_tz3000_npzfdcof_ts0001_backlight_mode;_TZ3000_npzfdcof TS0001;select;
a4:c1:38:59:a6:cf:91:c3;0x462D;TS0001;Toilet light TZ3000;sensor.toilet_light_tz3000_npzfdcof_ts0001_rms_current;_TZ3000_npzfdcof TS0001;sensor;
a4:c1:38:59:a6:cf:91:c3;0x462D;TS0001;Toilet light TZ3000;sensor.toilet_light_tz3000_npzfdcof_ts0001_rms_voltage;_TZ3000_npzfdcof TS0001;sensor;
a4:c1:38:59:a6:cf:91:c3;0x462D;TS0001;Toilet light TZ3000;sensor.toilet_light_tz3000_npzfdcof_ts0001_active_power;_TZ3000_npzfdcof TS0001;sensor;
a4:c1:38:59:a6:cf:91:c3;0x462D;TS0001;Toilet light TZ3000;sensor.toilet_light_tz3000_npzfdcof_ts0001_summation_delivered;_TZ3000_npzfdcof TS0001;sensor;
a4:c1:38:59:a6:cf:91:c3;0x462D;TS0001;Toilet light TZ3000;update.toilet_light_firmware;_TZ3000_npzfdcof TS0001;update;
2c:11:65:ff:fe:68:b0:8b;0x66E4;TS0501A;Fireplace room hanging lamp TZ3000;button.fireplace_hanging_lamp_identify;_TZ3000_nosnx7im TS0501A;button;
2c:11:65:ff:fe:68:b0:8b;0x66E4;TS0501A;Fireplace room hanging lamp TZ3000;light.fireplace_hanging_lamp_light;_TZ3000_nosnx7im TS0501A;light;
2c:11:65:ff:fe:68:b0:8b;0x66E4;TS0501A;Fireplace room hanging lamp TZ3000;update.fireplace_hanging_lamp_firmware;_TZ3000_nosnx7im TS0501A;update;
8c:65:a3:ff:fe:3e:0f:fe;0x3913;VALLHORN Wireless Motion Sensor;Shower  motion sensor VALLHORN;binary_sensor.ikea_of_sweden_vallhorn_wireless_motion_sensor_opening_3;IKEA of Sweden VALLHORN Wireless Motion Sensor;binary_sensor;
8c:65:a3:ff:fe:3e:0f:fe;0x3913;VALLHORN Wireless Motion Sensor;Shower  motion sensor VALLHORN;binary_sensor.ikea_of_sweden_vallhorn_wireless_motion_sensor_occupancy_3;IKEA of Sweden VALLHORN Wireless Motion Sensor;binary_sensor;
8c:65:a3:ff:fe:3e:0f:fe;0x3913;VALLHORN Wireless Motion Sensor;Shower  motion sensor VALLHORN;button.ikea_of_sweden_vallhorn_wireless_motion_sensor_identify_3;IKEA of Sweden VALLHORN Wireless Motion Sensor;button;
8c:65:a3:ff:fe:3e:0f:fe;0x3913;VALLHORN Wireless Motion Sensor;Shower  motion sensor VALLHORN;number.shower_vallhorn_wireless_motion_sensor_on_time;IKEA of Sweden VALLHORN Wireless Motion Sensor;number;
8c:65:a3:ff:fe:3e:0f:fe;0x3913;VALLHORN Wireless Motion Sensor;Shower  motion sensor VALLHORN;sensor.ikea_of_sweden_vallhorn_wireless_motion_sensor_battery_3;IKEA of Sweden VALLHORN Wireless Motion Sensor;sensor;
8c:65:a3:ff:fe:3e:0f:fe;0x3913;VALLHORN Wireless Motion Sensor;Shower  motion sensor VALLHORN;sensor.ikea_of_sweden_vallhorn_wireless_motion_sensor_illuminance_3;IKEA of Sweden VALLHORN Wireless Motion Sensor;sensor;
8c:65:a3:ff:fe:3e:0f:fe;0x3913;VALLHORN Wireless Motion Sensor;Shower  motion sensor VALLHORN;switch.shower_vallhorn_wireless_motion_sensor_on_only_when_dark;IKEA of Sweden VALLHORN Wireless Motion Sensor;switch;
8c:65:a3:ff:fe:3e:0f:fe;0x3913;VALLHORN Wireless Motion Sensor;Shower  motion sensor VALLHORN;update.ikea_of_sweden_vallhorn_wireless_motion_sensor_firmware_2;IKEA of Sweden VALLHORN Wireless Motion Sensor;update;
28:76:81:ff:fe:43:d9:17;0x3AFB;Remote Control N2;Bedroom light remote control N2;button.ikea_bedroom_remote_control_n2_identify_3;IKEA of Sweden Remote Control N2;button;
28:76:81:ff:fe:43:d9:17;0x3AFB;Remote Control N2;Bedroom light remote control N2;sensor.ikea_bedroom_remote_control_n2_battery_3;IKEA of Sweden Remote Control N2;sensor;
28:76:81:ff:fe:43:d9:17;0x3AFB;Remote Control N2;Bedroom light remote control N2;update.remote_control_n2_bedroom_ikea_firmware;IKEA of Sweden Remote Control N2;update;
8c:65:a3:ff:fe:ed:d7:c4;0x6D92;STOFTMOLN ceiling/wall lamp WW37;Fireplace room ceiling lamp STOFTMOLN;button.fireplace_stoftmoln_ceiling_lamp_ww37_identify;IKEA of Sweden STOFTMOLN ceiling/wall lamp WW37;button;
8c:65:a3:ff:fe:ed:d7:c4;0x6D92;STOFTMOLN ceiling/wall lamp WW37;Fireplace room ceiling lamp STOFTMOLN;light.fireplace_stoftmoln_ceiling_lamp_ww37_light;IKEA of Sweden STOFTMOLN ceiling/wall lamp WW37;light;
8c:65:a3:ff:fe:ed:d7:c4;0x6D92;STOFTMOLN ceiling/wall lamp WW37;Fireplace room ceiling lamp STOFTMOLN;number.fireplace_stoftmoln_ceiling_lamp_ww37_on_off_transition_time;IKEA of Sweden STOFTMOLN ceiling/wall lamp WW37;number;
8c:65:a3:ff:fe:ed:d7:c4;0x6D92;STOFTMOLN ceiling/wall lamp WW37;Fireplace room ceiling lamp STOFTMOLN;number.fireplace_stoftmoln_ceiling_lamp_ww37_on_level;IKEA of Sweden STOFTMOLN ceiling/wall lamp WW37;number;
8c:65:a3:ff:fe:ed:d7:c4;0x6D92;STOFTMOLN ceiling/wall lamp WW37;Fireplace room ceiling lamp STOFTMOLN;number.fireplace_stoftmoln_ceiling_lamp_ww37_start_up_current_level;IKEA of Sweden STOFTMOLN ceiling/wall lamp WW37;number;
8c:65:a3:ff:fe:ed:d7:c4;0x6D92;STOFTMOLN ceiling/wall lamp WW37;Fireplace room ceiling lamp STOFTMOLN;select.fireplace_stoftmoln_ceiling_lamp_ww37_start_up_behavior;IKEA of Sweden STOFTMOLN ceiling/wall lamp WW37;select;
8c:65:a3:ff:fe:ed:d7:c4;0x6D92;STOFTMOLN ceiling/wall lamp WW37;Fireplace room ceiling lamp STOFTMOLN;update.fireplace_stoftmoln_ceiling_lamp_ww37_firmware;IKEA of Sweden STOFTMOLN ceiling/wall lamp WW37;update;
5c:c7:c1:ff:fe:c2:aa:4f;0xFFB8;RODRET Dimmer;Stairs fireplace hall RODRET;button.ikea_rodret_stairs_fireplace_hall_identify;IKEA of Sweden RODRET Dimmer;button;
5c:c7:c1:ff:fe:c2:aa:4f;0xFFB8;RODRET Dimmer;Stairs fireplace hall RODRET;sensor.ikea_rodret_stairs_fireplace_hall_battery;IKEA of Sweden RODRET Dimmer;sensor;
5c:c7:c1:ff:fe:c2:aa:4f;0xFFB8;RODRET Dimmer;Stairs fireplace hall RODRET;update.rodret_stairs_fireplace_hall_ikea_firmware;IKEA of Sweden RODRET Dimmer;update;
88:1a:14:ff:fe:40:a9:45;0xEE65;Remote Control N2;Fireplace room light remote control N2;button.fireplace_room_remote_control_n2_identify_3;IKEA of Sweden Remote Control N2;button;
88:1a:14:ff:fe:40:a9:45;0xEE65;Remote Control N2;Fireplace room light remote control N2;sensor.fireplace_room_remote_control_n2_battery_3;IKEA of Sweden Remote Control N2;sensor;
88:1a:14:ff:fe:40:a9:45;0xEE65;Remote Control N2;Fireplace room light remote control N2;update.fireplace_room_remote_control_n2_firmware;IKEA of Sweden Remote Control N2;update;
98:0c:33:ff:fe:fa:af:9f;0xB2B4;Remote Control N2;Living room light remote control N2;button.living_room_remote_control_n2_identify;IKEA of Sweden Remote Control N2;button;
98:0c:33:ff:fe:fa:af:9f;0xB2B4;Remote Control N2;Living room light remote control N2;sensor.living_room_remote_control_n2_battery;IKEA of Sweden Remote Control N2;sensor;
98:0c:33:ff:fe:fa:af:9f;0xB2B4;Remote Control N2;Living room light remote control N2;update.living_room_remote_control_n2_firmware;IKEA of Sweden Remote Control N2;update;
a4:c1:38:be:1a:f6:d9:30;0x26A9;TS0601;Basement door sensor TZE200;binary_sensor.basement_door_sensor_tze200_pay2byax_ts0601_opening;_TZE200_pay2byax TS0601;binary_sensor;
a4:c1:38:be:1a:f6:d9:30;0x26A9;TS0601;Basement door sensor TZE200;sensor.basement_door_sensor_tze200_pay2byax_ts0601_battery;_TZE200_pay2byax TS0601;sensor;
a4:c1:38:be:1a:f6:d9:30;0x26A9;TS0601;Basement door sensor TZE200;sensor.basement_door_sensor_tze200_pay2byax_ts0601_illuminance;_TZE200_pay2byax TS0601;sensor;
ec:f6:4c:ff:fe:11:35:10;0x9DC9;RODRET Dimmer;Workshop remote light RODRET;button.ikea_of_sweden_rodret_dimmer_identify;IKEA of Sweden RODRET Dimmer;button;
ec:f6:4c:ff:fe:11:35:10;0x9DC9;RODRET Dimmer;Workshop remote light RODRET;sensor.ikea_of_sweden_rodret_dimmer_battery;IKEA of Sweden RODRET Dimmer;sensor;
ec:f6:4c:ff:fe:11:35:10;0x9DC9;RODRET Dimmer;Workshop remote light RODRET;update.ikea_of_sweden_rodret_dimmer_firmware;IKEA of Sweden RODRET Dimmer;update;
68:0a:e2:ff:fe:f7:44:42;0x9F4E;TRADFRI open/close remote;Dining room remote blinder road TRADFRI;button.ikea_tradfri_open_close_remote_blinder_road_identify_2;IKEA of Sweden TRADFRI open/close remote;button;
68:0a:e2:ff:fe:f7:44:42;0x9F4E;TRADFRI open/close remote;Dining room remote blinder road TRADFRI;sensor.ikea_tradfri_open_close_remote_blinder_road_battery_2;IKEA of Sweden TRADFRI open/close remote;sensor;
68:0a:e2:ff:fe:f7:44:42;0x9F4E;TRADFRI open/close remote;Dining room remote blinder road TRADFRI;update.tradfri_open_close_remote_blinder_road_ikea_firmware;IKEA of Sweden TRADFRI open/close remote;update;
8c:65:a3:ff:fe:35:94:22;0xC97C;VALLHORN Wireless Motion Sensor;Workshop motion sensor VALLHORN;binary_sensor.workshop_vallhorn_wireless_motion_sensor_opening_4;IKEA of Sweden VALLHORN Wireless Motion Sensor;binary_sensor;
8c:65:a3:ff:fe:35:94:22;0xC97C;VALLHORN Wireless Motion Sensor;Workshop motion sensor VALLHORN;binary_sensor.workshop_vallhorn_wireless_motion_sensor_occupancy_4;IKEA of Sweden VALLHORN Wireless Motion Sensor;binary_sensor;
8c:65:a3:ff:fe:35:94:22;0xC97C;VALLHORN Wireless Motion Sensor;Workshop motion sensor VALLHORN;button.workshop_vallhorn_wireless_motion_sensor_identify_4;IKEA of Sweden VALLHORN Wireless Motion Sensor;button;
8c:65:a3:ff:fe:35:94:22;0xC97C;VALLHORN Wireless Motion Sensor;Workshop motion sensor VALLHORN;number.workshop_vallhorn_wireless_motion_sensor_on_time;IKEA of Sweden VALLHORN Wireless Motion Sensor;number;
8c:65:a3:ff:fe:35:94:22;0xC97C;VALLHORN Wireless Motion Sensor;Workshop motion sensor VALLHORN;sensor.workshop_vallhorn_wireless_motion_sensor_battery_4;IKEA of Sweden VALLHORN Wireless Motion Sensor;sensor;
8c:65:a3:ff:fe:35:94:22;0xC97C;VALLHORN Wireless Motion Sensor;Workshop motion sensor VALLHORN;sensor.workshop_vallhorn_wireless_motion_sensor_illuminance_4;IKEA of Sweden VALLHORN Wireless Motion Sensor;sensor;
8c:65:a3:ff:fe:35:94:22;0xC97C;VALLHORN Wireless Motion Sensor;Workshop motion sensor VALLHORN;switch.workshop_vallhorn_wireless_motion_sensor_on_only_when_dark;IKEA of Sweden VALLHORN Wireless Motion Sensor;switch;
8c:65:a3:ff:fe:35:94:22;0xC97C;VALLHORN Wireless Motion Sensor;Workshop motion sensor VALLHORN;update.workshop_vallhorn_wireless_motion_sensor_firmware_3;IKEA of Sweden VALLHORN Wireless Motion Sensor;update;
4c:5b:b3:ff:fe:f1:64:33;0x0150;RODRET Dimmer;Dining room microwave remote RODRET;button.ikea_rodret_dimmer_microwave_identify;IKEA of Sweden RODRET Dimmer;button;
4c:5b:b3:ff:fe:f1:64:33;0x0150;RODRET Dimmer;Dining room microwave remote RODRET;sensor.ikea_rodret_dimmer_microwave_battery;IKEA of Sweden RODRET Dimmer;sensor;
4c:5b:b3:ff:fe:f1:64:33;0x0150;RODRET Dimmer;Dining room microwave remote RODRET;update.rodret_dimmer_microwave_firmware;IKEA of Sweden RODRET Dimmer;update;
5c:c7:c1:ff:fe:8a:f1:1e;0x3B2B;RODRET Dimmer;Second floor hall stairs RODRET;button.ikea_rodret_dimmer_second_floor_hall_stairs_identify_2;IKEA of Sweden RODRET Dimmer;button;
5c:c7:c1:ff:fe:8a:f1:1e;0x3B2B;RODRET Dimmer;Second floor hall stairs RODRET;sensor.ikea_rodret_dimmer_second_floor_hall_stairs_battery_2;IKEA of Sweden RODRET Dimmer;sensor;
5c:c7:c1:ff:fe:8a:f1:1e;0x3B2B;RODRET Dimmer;Second floor hall stairs RODRET;update.rodret_dimmer_second_floor_hall_stairs_ikea_firmware;IKEA of Sweden RODRET Dimmer;update;
8c:65:a3:ff:fe:3d:a9:0c;0x69FA;VALLHORN Wireless Motion Sensor;Dining room motion sensor VALLHORN;binary_sensor.ikea_of_sweden_vallhorn_wireless_motion_sensor_opening_2;IKEA of Sweden VALLHORN Wireless Motion Sensor;binary_sensor;
8c:65:a3:ff:fe:3d:a9:0c;0x69FA;VALLHORN Wireless Motion Sensor;Dining room motion sensor VALLHORN;binary_sensor.ikea_of_sweden_vallhorn_wireless_motion_sensor_occupancy_2;IKEA of Sweden VALLHORN Wireless Motion Sensor;binary_sensor;
8c:65:a3:ff:fe:3d:a9:0c;0x69FA;VALLHORN Wireless Motion Sensor;Dining room motion sensor VALLHORN;button.ikea_of_sweden_vallhorn_wireless_motion_sensor_identify_2;IKEA of Sweden VALLHORN Wireless Motion Sensor;button;
8c:65:a3:ff:fe:3d:a9:0c;0x69FA;VALLHORN Wireless Motion Sensor;Dining room motion sensor VALLHORN;number.dining_room_vallhorn_on_time;IKEA of Sweden VALLHORN Wireless Motion Sensor;number;
8c:65:a3:ff:fe:3d:a9:0c;0x69FA;VALLHORN Wireless Motion Sensor;Dining room motion sensor VALLHORN;sensor.ikea_of_sweden_vallhorn_wireless_motion_sensor_battery_2;IKEA of Sweden VALLHORN Wireless Motion Sensor;sensor;
8c:65:a3:ff:fe:3d:a9:0c;0x69FA;VALLHORN Wireless Motion Sensor;Dining room motion sensor VALLHORN;sensor.ikea_of_sweden_vallhorn_wireless_motion_sensor_illuminance_2;IKEA of Sweden VALLHORN Wireless Motion Sensor;sensor;
8c:65:a3:ff:fe:3d:a9:0c;0x69FA;VALLHORN Wireless Motion Sensor;Dining room motion sensor VALLHORN;switch.dining_room_vallhorn_on_only_when_dark;IKEA of Sweden VALLHORN Wireless Motion Sensor;switch;
8c:65:a3:ff:fe:3d:a9:0c;0x69FA;VALLHORN Wireless Motion Sensor;Dining room motion sensor VALLHORN;update.ikea_of_sweden_vallhorn_wireless_motion_sensor_firmware;IKEA of Sweden VALLHORN Wireless Motion Sensor;update;
7c:c6:b6:ff:fe:99:44:1a;0xCDA1;TS1201;Living room IR controller TZ3290;button.tz3290_7v1k4vufotpowp9z_ts1201_ir_identify;_TZ3290_7v1k4vufotpowp9z TS1201;button;
7c:c6:b6:ff:fe:99:44:1a;0xCDA1;TS1201;Living room IR controller TZ3290;switch.tz3290_7v1k4vufotpowp9z_ts1201_ir_switch;_TZ3290_7v1k4vufotpowp9z TS1201;switch;
7c:c6:b6:ff:fe:99:44:1a;0xCDA1;TS1201;Living room IR controller TZ3290;update.tz3290_7v1k4vufotpowp9z_ts1201_ir_firmware;_TZ3290_7v1k4vufotpowp9z TS1201;update;
2c:11:65:ff:fe:ba:cf:d3;0x25D9;TRADFRI Signal Repeater;Fireplace  signal repeater TRADFRI;button.ikea_of_sweden_tradfri_signal_repeater_identify;IKEA of Sweden TRADFRI Signal Repeater;button;
2c:11:65:ff:fe:ba:cf:d3;0x25D9;TRADFRI Signal Repeater;Fireplace  signal repeater TRADFRI;update.ikea_of_sweden_tradfri_signal_repeater_firmware;IKEA of Sweden TRADFRI Signal Repeater;update;
34:10:f4:ff:fe:b0:43:d5;0x5008;TRADFRI motion sensor;Laundry motion sensor TRADFRI;binary_sensor.ikea_of_sweden_tradfri_motion_sensor_motion_2;IKEA of Sweden TRADFRI motion sensor;binary_sensor;
34:10:f4:ff:fe:b0:43:d5;0x5008;TRADFRI motion sensor;Laundry motion sensor TRADFRI;button.ikea_of_sweden_tradfri_motion_sensor_identify_2;IKEA of Sweden TRADFRI motion sensor;button;
34:10:f4:ff:fe:b0:43:d5;0x5008;TRADFRI motion sensor;Laundry motion sensor TRADFRI;sensor.ikea_of_sweden_tradfri_motion_sensor_battery_2;IKEA of Sweden TRADFRI motion sensor;sensor;
34:10:f4:ff:fe:b0:43:d5;0x5008;TRADFRI motion sensor;Laundry motion sensor TRADFRI;update.tradfri_motion_sensor_laundry_ikea_firmware;IKEA of Sweden TRADFRI motion sensor;update;
8c:6f:b9:ff:fe:26:ce:8f;0xAE2B;VALLHORN Wireless Motion Sensor;Basement stairs motion sensor VALLHORN;binary_sensor.ikea_of_sweden_vallhorn_wireless_motion_sensor_opening;IKEA of Sweden VALLHORN Wireless Motion Sensor;binary_sensor;
8c:6f:b9:ff:fe:26:ce:8f;0xAE2B;VALLHORN Wireless Motion Sensor;Basement stairs motion sensor VALLHORN;binary_sensor.ikea_of_sweden_vallhorn_wireless_motion_sensor_occupancy;IKEA of Sweden VALLHORN Wireless Motion Sensor;binary_sensor;
8c:6f:b9:ff:fe:26:ce:8f;0xAE2B;VALLHORN Wireless Motion Sensor;Basement stairs motion sensor VALLHORN;button.ikea_of_sweden_vallhorn_wireless_motion_sensor_identify;IKEA of Sweden VALLHORN Wireless Motion Sensor;button;
8c:6f:b9:ff:fe:26:ce:8f;0xAE2B;VALLHORN Wireless Motion Sensor;Basement stairs motion sensor VALLHORN;number.vallhorn_wireless_motion_sensor_ikea_on_time;IKEA of Sweden VALLHORN Wireless Motion Sensor;number;
8c:6f:b9:ff:fe:26:ce:8f;0xAE2B;VALLHORN Wireless Motion Sensor;Basement stairs motion sensor VALLHORN;sensor.ikea_of_sweden_vallhorn_wireless_motion_sensor_battery;IKEA of Sweden VALLHORN Wireless Motion Sensor;sensor;
8c:6f:b9:ff:fe:26:ce:8f;0xAE2B;VALLHORN Wireless Motion Sensor;Basement stairs motion sensor VALLHORN;sensor.ikea_of_sweden_vallhorn_wireless_motion_sensor_illuminance;IKEA of Sweden VALLHORN Wireless Motion Sensor;sensor;
8c:6f:b9:ff:fe:26:ce:8f;0xAE2B;VALLHORN Wireless Motion Sensor;Basement stairs motion sensor VALLHORN;switch.vallhorn_wireless_motion_sensor_ikea_on_only_when_dark;IKEA of Sweden VALLHORN Wireless Motion Sensor;switch;
8c:6f:b9:ff:fe:26:ce:8f;0xAE2B;VALLHORN Wireless Motion Sensor;Basement stairs motion sensor VALLHORN;update.vallhorn_wireless_motion_sensor_ikea_firmware;IKEA of Sweden VALLHORN Wireless Motion Sensor;update;
a4:6d:d4:ff:fe:5b:88:4b;0x8900;Remote Control N2;Laundry light remote Control N2;button.ikea_laundry_remote_control_n2_identify_3;IKEA of Sweden Remote Control N2;button;
a4:6d:d4:ff:fe:5b:88:4b;0x8900;Remote Control N2;Laundry light remote Control N2;sensor.ikea_laundry_remote_control_n2_battery_3;IKEA of Sweden Remote Control N2;sensor;
a4:6d:d4:ff:fe:5b:88:4b;0x8900;Remote Control N2;Laundry light remote Control N2;update.remote_control_n2_laundry_ikea_firmware;IKEA of Sweden Remote Control N2;update;
b4:35:22:ff:fe:a6:c6:44;0x7681;Remote Control N2;Dining room light remote control N2;button.dining_room_ikea_of_sweden_remote_control_n2_identify_2;IKEA of Sweden Remote Control N2;button;
b4:35:22:ff:fe:a6:c6:44;0x7681;Remote Control N2;Dining room light remote control N2;sensor.dining_room_ikea_of_sweden_remote_control_n2_battery_2;IKEA of Sweden Remote Control N2;sensor;
b4:35:22:ff:fe:a6:c6:44;0x7681;Remote Control N2;Dining room light remote control N2;update.remote_control_n2_dining_room_ikea_firmware;IKEA of Sweden Remote Control N2;update;
b4:35:22:ff:fe:7c:99:1a;0x4340;Remote Control N2;Kitchen light remote control N2;button.ikea_of_sweden_remote_control_n2_identify_2;IKEA of Sweden Remote Control N2;button;
b4:35:22:ff:fe:7c:99:1a;0x4340;Remote Control N2;Kitchen light remote control N2;sensor.ikea_of_sweden_remote_control_n2_battery_2;IKEA of Sweden Remote Control N2;sensor;
b4:35:22:ff:fe:7c:99:1a;0x4340;Remote Control N2;Kitchen light remote control N2;update.styrbar_kitchen_remote_ikea_firmware;IKEA of Sweden Remote Control N2;update;
a4:c1:38:7e:80:fb:29:d5;0x38D7;TS0503B;Living room RGB strip window TZ3210;button.tz3210_95txyzbx_ts0503b_identify;_TZ3210_95txyzbx TS0503B;button;
a4:c1:38:7e:80:fb:29:d5;0x38D7;TS0503B;Living room RGB strip window TZ3210;light.tz3210_95txyzbx_ts0503b_light;_TZ3210_95txyzbx TS0503B;light;
a4:c1:38:7e:80:fb:29:d5;0x38D7;TS0503B;Living room RGB strip window TZ3210;update.tz3210_95txyzbx_ts0503b_firmware;_TZ3210_95txyzbx TS0503B;update;
d4:48:67:ff:fe:fe:18:7c;0x429A;RODRET Dimmer;Shower sauna light remote RODRET;button.shower_sauna_rodret_dimmer_identify;IKEA of Sweden RODRET Dimmer;button;
d4:48:67:ff:fe:fe:18:7c;0x429A;RODRET Dimmer;Shower sauna light remote RODRET;sensor.shower_sauna_rodret_dimmer_battery;IKEA of Sweden RODRET Dimmer;sensor;
d4:48:67:ff:fe:fe:18:7c;0x429A;RODRET Dimmer;Shower sauna light remote RODRET;update.shower_sauna_rodret_dimmer_firmware;IKEA of Sweden RODRET Dimmer;update;
a4:c1:38:8f:75:b9:84:74;0x86CE;TY0201;Bedroom temperature and humidity sensor TZ3000;button.tz3000_bjawzodf_ty0201_identify;_TZ3000_bjawzodf TY0201;button;
a4:c1:38:8f:75:b9:84:74;0x86CE;TY0201;Bedroom temperature and humidity sensor TZ3000;sensor.tz3000_bjawzodf_ty0201_battery;_TZ3000_bjawzodf TY0201;sensor;
a4:c1:38:8f:75:b9:84:74;0x86CE;TY0201;Bedroom temperature and humidity sensor TZ3000;sensor.tz3000_bjawzodf_ty0201_temperature;_TZ3000_bjawzodf TY0201;sensor;
a4:c1:38:8f:75:b9:84:74;0x86CE;TY0201;Bedroom temperature and humidity sensor TZ3000;sensor.tz3000_bjawzodf_ty0201_humidity;_TZ3000_bjawzodf TY0201;sensor;
a4:c1:38:8f:75:b9:84:74;0x86CE;TY0201;Bedroom temperature and humidity sensor TZ3000;update.tz3000_bjawzodf_ty0201_firmware;_TZ3000_bjawzodf TY0201;update;
58:8e:81:ff:fe:5a:55:24;0x018C;TRADFRI open/close remote;Dining room remote blinder garden TRADFRI;button.ikea_of_sweden_tradfri_open_close_remote_identify;IKEA of Sweden TRADFRI open/close remote;button;
58:8e:81:ff:fe:5a:55:24;0x018C;TRADFRI open/close remote;Dining room remote blinder garden TRADFRI;sensor.ikea_of_sweden_tradfri_open_close_remote_battery;IKEA of Sweden TRADFRI open/close remote;sensor;
58:8e:81:ff:fe:5a:55:24;0x018C;TRADFRI open/close remote;Dining room remote blinder garden TRADFRI;update.tradfri_open_close_remote_blinder_garden_ikea_firmware;IKEA of Sweden TRADFRI open/close remote;update;
94:b2:16:ff:fe:e6:57:a5;0xD8B7;TRADFRI bulb E14 WS candle 470lm;Storage light TRADFRI;button.storage_light_tradfri_bulb_e14_identify_6;IKEA of Sweden TRADFRI bulb E14 WS candle 470lm;button;
94:b2:16:ff:fe:e6:57:a5;0xD8B7;TRADFRI bulb E14 WS candle 470lm;Storage light TRADFRI;light.storage_light_tradfri_bulb_e14_light_6;IKEA of Sweden TRADFRI bulb E14 WS candle 470lm;light;
94:b2:16:ff:fe:e6:57:a5;0xD8B7;TRADFRI bulb E14 WS candle 470lm;Storage light TRADFRI;number.storage_light_tradfri_bulb_e14_on_off_transition_time_6;IKEA of Sweden TRADFRI bulb E14 WS candle 470lm;number;
94:b2:16:ff:fe:e6:57:a5;0xD8B7;TRADFRI bulb E14 WS candle 470lm;Storage light TRADFRI;number.storage_light_tradfri_bulb_e14_on_level_6;IKEA of Sweden TRADFRI bulb E14 WS candle 470lm;number;
94:b2:16:ff:fe:e6:57:a5;0xD8B7;TRADFRI bulb E14 WS candle 470lm;Storage light TRADFRI;number.storage_light_tradfri_bulb_e14_start_up_current_level_6;IKEA of Sweden TRADFRI bulb E14 WS candle 470lm;number;
94:b2:16:ff:fe:e6:57:a5;0xD8B7;TRADFRI bulb E14 WS candle 470lm;Storage light TRADFRI;number.storage_light_tradfri_bulb_e14_start_up_color_temperature_6;IKEA of Sweden TRADFRI bulb E14 WS candle 470lm;number;
94:b2:16:ff:fe:e6:57:a5;0xD8B7;TRADFRI bulb E14 WS candle 470lm;Storage light TRADFRI;select.storage_light_tradfri_bulb_e14_start_up_behavior_6;IKEA of Sweden TRADFRI bulb E14 WS candle 470lm;select;
94:b2:16:ff:fe:e6:57:a5;0xD8B7;TRADFRI bulb E14 WS candle 470lm;Storage light TRADFRI;update.storage_light_tradfri_bulb_e14_firmware;IKEA of Sweden TRADFRI bulb E14 WS candle 470lm;update;
90:39:5e:ff:fe:e6:cb:e1;0x31CF;TRADFRI bulb E14 WS candle 470lm;Dining room Lumi light 1 TRADFRI;button.ikea_tradfri_bulb_e14_lumi_1_identify_6;IKEA of Sweden TRADFRI bulb E14 WS candle 470lm;button;
90:39:5e:ff:fe:e6:cb:e1;0x31CF;TRADFRI bulb E14 WS candle 470lm;Dining room Lumi light 1 TRADFRI;light.ikea_tradfri_bulb_e14_lumi_1_light_6;IKEA of Sweden TRADFRI bulb E14 WS candle 470lm;light;
90:39:5e:ff:fe:e6:cb:e1;0x31CF;TRADFRI bulb E14 WS candle 470lm;Dining room Lumi light 1 TRADFRI;number.ikea_tradfri_bulb_e14_lumi_1_on_off_transition_time_6;IKEA of Sweden TRADFRI bulb E14 WS candle 470lm;number;
90:39:5e:ff:fe:e6:cb:e1;0x31CF;TRADFRI bulb E14 WS candle 470lm;Dining room Lumi light 1 TRADFRI;number.ikea_tradfri_bulb_e14_lumi_1_on_level_6;IKEA of Sweden TRADFRI bulb E14 WS candle 470lm;number;
90:39:5e:ff:fe:e6:cb:e1;0x31CF;TRADFRI bulb E14 WS candle 470lm;Dining room Lumi light 1 TRADFRI;number.ikea_tradfri_bulb_e14_lumi_1_start_up_current_level_6;IKEA of Sweden TRADFRI bulb E14 WS candle 470lm;number;
90:39:5e:ff:fe:e6:cb:e1;0x31CF;TRADFRI bulb E14 WS candle 470lm;Dining room Lumi light 1 TRADFRI;number.ikea_tradfri_bulb_e14_lumi_1_start_up_color_temperature_6;IKEA of Sweden TRADFRI bulb E14 WS candle 470lm;number;
90:39:5e:ff:fe:e6:cb:e1;0x31CF;TRADFRI bulb E14 WS candle 470lm;Dining room Lumi light 1 TRADFRI;select.ikea_tradfri_bulb_e14_lumi_1_start_up_behavior_6;IKEA of Sweden TRADFRI bulb E14 WS candle 470lm;select;
90:39:5e:ff:fe:e6:cb:e1;0x31CF;TRADFRI bulb E14 WS candle 470lm;Dining room Lumi light 1 TRADFRI;update.tradfri_bulb_e14_lumi_1_ikea_firmware;IKEA of Sweden TRADFRI bulb E14 WS candle 470lm;update;
34:10:f4:ff:fe:a7:86:90;0x17E8;TRADFRI motion sensor;Kitchen motion sensor TRADFRI;binary_sensor.tradfri_kitchen_motion_sensor_ikea_motion;IKEA of Sweden TRADFRI motion sensor;binary_sensor;
34:10:f4:ff:fe:a7:86:90;0x17E8;TRADFRI motion sensor;Kitchen motion sensor TRADFRI;button.tradfri_kitchen_motion_sensor_ikea_identify;IKEA of Sweden TRADFRI motion sensor;button;
34:10:f4:ff:fe:a7:86:90;0x17E8;TRADFRI motion sensor;Kitchen motion sensor TRADFRI;sensor.tradfri_kitchen_motion_sensor_ikea_battery;IKEA of Sweden TRADFRI motion sensor;sensor;
34:10:f4:ff:fe:a7:86:90;0x17E8;TRADFRI motion sensor;Kitchen motion sensor TRADFRI;update.tradfri_kitchen_motion_sensor_ikea_firmware;IKEA of Sweden TRADFRI motion sensor;update;
34:10:f4:ff:fe:ac:d7:11;0x979C;unk_model;Toilet motion sensor TRADFRI;binary_sensor.ikea_of_sweden_tradfri_toilet_motion_sensor_motion;unk_manufacturer unk_model;binary_sensor;
34:10:f4:ff:fe:ac:d7:11;0x979C;unk_model;Toilet motion sensor TRADFRI;button.ikea_of_sweden_tradfri_toilet_motion_sensor_identify;unk_manufacturer unk_model;button;
34:10:f4:ff:fe:ac:d7:11;0x979C;unk_model;Toilet motion sensor TRADFRI;sensor.ikea_of_sweden_tradfri_toilet_motion_sensor_battery;unk_manufacturer unk_model;sensor;
34:10:f4:ff:fe:ac:d7:11;0x979C;unk_model;Toilet motion sensor TRADFRI;update.tradfri_toilet_motion_sensor_ikea_firmware;unk_manufacturer unk_model;update;
a4:c1:38:20:6e:17:1b:fd;0xEB03;TLSR82xx;Second floor hall light AwoX;binary_sensor.awox_tlsr82xx_opening;AwoX TLSR82xx;binary_sensor;
a4:c1:38:20:6e:17:1b:fd;0xEB03;TLSR82xx;Second floor hall light AwoX;button.awox_tlsr82xx_identify;AwoX TLSR82xx;button;
a4:c1:38:20:6e:17:1b:fd;0xEB03;TLSR82xx;Second floor hall light AwoX;light.awox_tlsr82xx_light;AwoX TLSR82xx;light;
a4:c1:38:20:6e:17:1b:fd;0xEB03;TLSR82xx;Second floor hall light AwoX;number.awox_tlsr82xx_start_up_current_level;AwoX TLSR82xx;number;
a4:c1:38:20:6e:17:1b:fd;0xEB03;TLSR82xx;Second floor hall light AwoX;number.awox_tlsr82xx_start_up_color_temperature;AwoX TLSR82xx;number;
a4:c1:38:20:6e:17:1b:fd;0xEB03;TLSR82xx;Second floor hall light AwoX;select.awox_tlsr82xx_start_up_behavior;AwoX TLSR82xx;select;
a4:c1:38:97:08:b8:40:94;0x1CC6;TS0203;Closet door sensor TZ3000;binary_sensor.closet_door_sensor_tz3000_7d8yme6f_ts0203;_TZ3000_7d8yme6f TS0203;binary_sensor;
a4:c1:38:97:08:b8:40:94;0x1CC6;TS0203;Closet door sensor TZ3000;button.closet_door_sensor_tz3000_7d8yme6f_ts0203_identify;_TZ3000_7d8yme6f TS0203;button;
a4:c1:38:97:08:b8:40:94;0x1CC6;TS0203;Closet door sensor TZ3000;sensor.closet_door_sensor_tz3000_7d8yme6f_ts0203_battery;_TZ3000_7d8yme6f TS0203;sensor;
a4:c1:38:d2:74:b6:e1:af;0x890A;TS0201;Laundry temperature and humidity sensor TZ3000;button.laundry_temperature_and_humidity_sensor_identify;_TZ3000_bguser20 TS0201;button;
a4:c1:38:d2:74:b6:e1:af;0x890A;TS0201;Laundry temperature and humidity sensor TZ3000;sensor.laundry_temperature_and_humidity_sensor_battery;_TZ3000_bguser20 TS0201;sensor;
a4:c1:38:d2:74:b6:e1:af;0x890A;TS0201;Laundry temperature and humidity sensor TZ3000;sensor.laundry_temperature_and_humidity_sensor_temperature;_TZ3000_bguser20 TS0201;sensor;
a4:c1:38:d2:74:b6:e1:af;0x890A;TS0201;Laundry temperature and humidity sensor TZ3000;sensor.laundry_temperature_and_humidity_sensor_humidity;_TZ3000_bguser20 TS0201;sensor;
a4:c1:38:d2:74:b6:e1:af;0x890A;TS0201;Laundry temperature and humidity sensor TZ3000;update.laundry_temperature_and_humidity_sensor_firmware;_TZ3000_bguser20 TS0201;update;
a4:c1:38:f4:f7:d4:83:6d;0xED86;TS0201;Workshop temperature and humidity sensor TZ3000;button.workshop_temperature_and_humidity_sensor_identify;_TZ3000_bguser20 TS0201;button;
a4:c1:38:f4:f7:d4:83:6d;0xED86;TS0201;Workshop temperature and humidity sensor TZ3000;sensor.workshop_temperature_and_humidity_sensor_battery;_TZ3000_bguser20 TS0201;sensor;
a4:c1:38:f4:f7:d4:83:6d;0xED86;TS0201;Workshop temperature and humidity sensor TZ3000;sensor.workshop_temperature_and_humidity_sensor_temperature;_TZ3000_bguser20 TS0201;sensor;
a4:c1:38:f4:f7:d4:83:6d;0xED86;TS0201;Workshop temperature and humidity sensor TZ3000;sensor.workshop_temperature_and_humidity_sensor_humidity;_TZ3000_bguser20 TS0201;sensor;
a4:c1:38:f4:f7:d4:83:6d;0xED86;TS0201;Workshop temperature and humidity sensor TZ3000;update.workshop_temperature_and_humidity_sensor_firmware;_TZ3000_bguser20 TS0201;update;
a4:c1:38:f1:b8:9b:17:ce;0xA3E7;TS0001;Workshop ceiling light TZ3000;button.workshop_ceiling_light_tz3000_skueekg3_ts0001_identify;_TZ3000_skueekg3 TS0001;button;
a4:c1:38:f1:b8:9b:17:ce;0xA3E7;TS0001;Workshop ceiling light TZ3000;light.workshop_ceiling_light_tz3000_skueekg3_ts0001_light;_TZ3000_skueekg3 TS0001;light;
a4:c1:38:f1:b8:9b:17:ce;0xA3E7;TS0001;Workshop ceiling light TZ3000;select.workshop_ceiling_light_tz3000_skueekg3_ts0001_start_up_behavior;_TZ3000_skueekg3 TS0001;select;
a4:c1:38:f1:b8:9b:17:ce;0xA3E7;TS0001;Workshop ceiling light TZ3000;update.workshop_ceiling_light_tz3000_skueekg3_ts0001_firmware;_TZ3000_skueekg3 TS0001;update;
a4:c1:38:43:18:34:05:f3;0xAEE7;TS0001;Entrance mirror lamp switch TZ3000;button.mirror_lamp_switch_identify;_TZ3000_skueekg3 TS0001;button;
a4:c1:38:43:18:34:05:f3;0xAEE7;TS0001;Entrance mirror lamp switch TZ3000;light.mirror_lamp_switch_light;_TZ3000_skueekg3 TS0001;light;
a4:c1:38:43:18:34:05:f3;0xAEE7;TS0001;Entrance mirror lamp switch TZ3000;select.mirror_lamp_switch_start_up_behavior;_TZ3000_skueekg3 TS0001;select;
a4:c1:38:43:18:34:05:f3;0xAEE7;TS0001;Entrance mirror lamp switch TZ3000;update.mirror_lamp_switch_firmware;_TZ3000_skueekg3 TS0001;update;
7c:c6:b6:ff:fe:81:f9:46;0xB175;Remote Control N2;Living room doll house switch N2;button.doll_house_switch_n2_styrbar_ikea_identify;IKEA of Sweden Remote Control N2;button;
7c:c6:b6:ff:fe:81:f9:46;0xB175;Remote Control N2;Living room doll house switch N2;sensor.doll_house_switch_n2_styrbar_ikea_battery;IKEA of Sweden Remote Control N2;sensor;
7c:c6:b6:ff:fe:81:f9:46;0xB175;Remote Control N2;Living room doll house switch N2;update.doll_house_switch_n2_styrbar_ikea_firmware;IKEA of Sweden Remote Control N2;update;
84:fd:27:ff:fe:74:25:a9;0xC1E2;TRADFRI Driver 10W;IKEA of Sweden TRADFRI Driver 10W;button.ikea_of_sweden_tradfri_driver_10w_identify_2;IKEA of Sweden TRADFRI Driver 10W;button;
84:fd:27:ff:fe:74:25:a9;0xC1E2;TRADFRI Driver 10W;IKEA of Sweden TRADFRI Driver 10W;light.ikea_of_sweden_tradfri_driver_10w_light_2;IKEA of Sweden TRADFRI Driver 10W;light;
84:fd:27:ff:fe:74:25:a9;0xC1E2;TRADFRI Driver 10W;IKEA of Sweden TRADFRI Driver 10W;number.ikea_of_sweden_tradfri_driver_10w_on_off_transition_time_2;IKEA of Sweden TRADFRI Driver 10W;number;
84:fd:27:ff:fe:74:25:a9;0xC1E2;TRADFRI Driver 10W;IKEA of Sweden TRADFRI Driver 10W;number.ikea_of_sweden_tradfri_driver_10w_on_level_2;IKEA of Sweden TRADFRI Driver 10W;number;
84:fd:27:ff:fe:74:25:a9;0xC1E2;TRADFRI Driver 10W;IKEA of Sweden TRADFRI Driver 10W;number.ikea_of_sweden_tradfri_driver_10w_start_up_current_level_2;IKEA of Sweden TRADFRI Driver 10W;number;
84:fd:27:ff:fe:74:25:a9;0xC1E2;TRADFRI Driver 10W;IKEA of Sweden TRADFRI Driver 10W;select.ikea_of_sweden_tradfri_driver_10w_start_up_behavior_2;IKEA of Sweden TRADFRI Driver 10W;select;
84:fd:27:ff:fe:74:25:a9;0xC1E2;TRADFRI Driver 10W;IKEA of Sweden TRADFRI Driver 10W;update.ikea_of_sweden_tradfri_driver_10w_firmware;IKEA of Sweden TRADFRI Driver 10W;update;
a4:6d:d4:ff:fe:50:39:a8;0x839B;TRADFRI bulb E14 WS candle 470lm;Second floor toilet lamp 1 TRADFRI;button.second_floor_toilet_lamp_1_tradfri_identify;IKEA of Sweden TRADFRI bulb E14 WS candle 470lm;button;
a4:6d:d4:ff:fe:50:39:a8;0x839B;TRADFRI bulb E14 WS candle 470lm;Second floor toilet lamp 1 TRADFRI;light.second_floor_toilet_lamp_1_tradfri;IKEA of Sweden TRADFRI bulb E14 WS candle 470lm;light;
a4:6d:d4:ff:fe:50:39:a8;0x839B;TRADFRI bulb E14 WS candle 470lm;Second floor toilet lamp 1 TRADFRI;number.second_floor_toilet_lamp_1_tradfri_on_off_transition_time;IKEA of Sweden TRADFRI bulb E14 WS candle 470lm;number;
a4:6d:d4:ff:fe:50:39:a8;0x839B;TRADFRI bulb E14 WS candle 470lm;Second floor toilet lamp 1 TRADFRI;number.second_floor_toilet_lamp_1_tradfri_on_level;IKEA of Sweden TRADFRI bulb E14 WS candle 470lm;number;
a4:6d:d4:ff:fe:50:39:a8;0x839B;TRADFRI bulb E14 WS candle 470lm;Second floor toilet lamp 1 TRADFRI;number.second_floor_toilet_lamp_1_tradfri_start_up_current_level;IKEA of Sweden TRADFRI bulb E14 WS candle 470lm;number;
a4:6d:d4:ff:fe:50:39:a8;0x839B;TRADFRI bulb E14 WS candle 470lm;Second floor toilet lamp 1 TRADFRI;number.second_floor_toilet_lamp_1_tradfri_start_up_colour_temperature;IKEA of Sweden TRADFRI bulb E14 WS candle 470lm;number;
a4:6d:d4:ff:fe:50:39:a8;0x839B;TRADFRI bulb E14 WS candle 470lm;Second floor toilet lamp 1 TRADFRI;select.second_floor_toilet_lamp_1_tradfri_start_up_behaviour;IKEA of Sweden TRADFRI bulb E14 WS candle 470lm;select;
a4:6d:d4:ff:fe:50:39:a8;0x839B;TRADFRI bulb E14 WS candle 470lm;Second floor toilet lamp 1 TRADFRI;update.second_floor_toilet_lamp_1_tradfri_firmware;IKEA of Sweden TRADFRI bulb E14 WS candle 470lm;update;
90:39:5e:ff:fe:e3:ac:39;0xDF35;TRADFRI bulb E14 WS candle 470lm;Second floor toilet lamp 2 TRADFRI;button.second_floor_toilet_lamp_2_tradfri_identify;IKEA of Sweden TRADFRI bulb E14 WS candle 470lm;button;
90:39:5e:ff:fe:e3:ac:39;0xDF35;TRADFRI bulb E14 WS candle 470lm;Second floor toilet lamp 2 TRADFRI;light.second_floor_toilet_lamp_2_tradfri;IKEA of Sweden TRADFRI bulb E14 WS candle 470lm;light;
90:39:5e:ff:fe:e3:ac:39;0xDF35;TRADFRI bulb E14 WS candle 470lm;Second floor toilet lamp 2 TRADFRI;number.second_floor_toilet_lamp_2_tradfri_on_off_transition_time;IKEA of Sweden TRADFRI bulb E14 WS candle 470lm;number;
90:39:5e:ff:fe:e3:ac:39;0xDF35;TRADFRI bulb E14 WS candle 470lm;Second floor toilet lamp 2 TRADFRI;number.second_floor_toilet_lamp_2_tradfri_on_level;IKEA of Sweden TRADFRI bulb E14 WS candle 470lm;number;
90:39:5e:ff:fe:e3:ac:39;0xDF35;TRADFRI bulb E14 WS candle 470lm;Second floor toilet lamp 2 TRADFRI;number.second_floor_toilet_lamp_2_tradfri_start_up_current_level;IKEA of Sweden TRADFRI bulb E14 WS candle 470lm;number;
90:39:5e:ff:fe:e3:ac:39;0xDF35;TRADFRI bulb E14 WS candle 470lm;Second floor toilet lamp 2 TRADFRI;number.second_floor_toilet_lamp_2_tradfri_start_up_colour_temperature;IKEA of Sweden TRADFRI bulb E14 WS candle 470lm;number;
90:39:5e:ff:fe:e3:ac:39;0xDF35;TRADFRI bulb E14 WS candle 470lm;Second floor toilet lamp 2 TRADFRI;select.second_floor_toilet_lamp_2_tradfri_start_up_behaviour;IKEA of Sweden TRADFRI bulb E14 WS candle 470lm;select;
90:39:5e:ff:fe:e3:ac:39;0xDF35;TRADFRI bulb E14 WS candle 470lm;Second floor toilet lamp 2 TRADFRI;update.second_floor_toilet_lamp_2_tradfri_firmware;IKEA of Sweden TRADFRI bulb E14 WS candle 470lm;update;
88:0f:62:ff:fe:66:3f:22;0x9F63;RODRET wireless dimmer;Second floor toilet remote RODRET;button.second_floor_toilet_remote_rodret_identify;IKEA of Sweden RODRET wireless dimmer;button;
88:0f:62:ff:fe:66:3f:22;0x9F63;RODRET wireless dimmer;Second floor toilet remote RODRET;sensor.second_floor_toilet_remote_rodret_battery;IKEA of Sweden RODRET wireless dimmer;sensor;
88:0f:62:ff:fe:66:3f:22;0x9F63;RODRET wireless dimmer;Second floor toilet remote RODRET;update.second_floor_toilet_remote_rodret_firmware;IKEA of Sweden RODRET wireless dimmer;update;
5c:c7:c1:ff:fe:83:4f:bd;0x91CE;SOMRIG shortcut button;Entrance lights remote SOMRIG;button.entrance_lights_remote_somrig_identify;IKEA of Sweden SOMRIG shortcut button;button;
5c:c7:c1:ff:fe:83:4f:bd;0x91CE;SOMRIG shortcut button;Entrance lights remote SOMRIG;sensor.entrance_lights_remote_somrig_battery;IKEA of Sweden SOMRIG shortcut button;sensor;
5c:c7:c1:ff:fe:83:4f:bd;0x91CE;SOMRIG shortcut button;Entrance lights remote SOMRIG;update.entrance_lights_remote_somrig_firmware;IKEA of Sweden SOMRIG shortcut button;update;
f0:74:bf:ff:fe:e7:9d:0f;0xFD26;VALLHORN Wireless Motion Sensor;First floor toilet motion sensor VALLHORN;binary_sensor.first_floor_toilet_motion_sensor_tradfri_opening;IKEA of Sweden VALLHORN Wireless Motion Sensor;binary_sensor;
f0:74:bf:ff:fe:e7:9d:0f;0xFD26;VALLHORN Wireless Motion Sensor;First floor toilet motion sensor VALLHORN;binary_sensor.first_floor_toilet_motion_sensor_tradfri;IKEA of Sweden VALLHORN Wireless Motion Sensor;binary_sensor;
f0:74:bf:ff:fe:e7:9d:0f;0xFD26;VALLHORN Wireless Motion Sensor;First floor toilet motion sensor VALLHORN;button.first_floor_toilet_motion_sensor_tradfri_identify;IKEA of Sweden VALLHORN Wireless Motion Sensor;button;
f0:74:bf:ff:fe:e7:9d:0f;0xFD26;VALLHORN Wireless Motion Sensor;First floor toilet motion sensor VALLHORN;number.first_floor_toilet_motion_sensor_tradfri_on_time;IKEA of Sweden VALLHORN Wireless Motion Sensor;number;
f0:74:bf:ff:fe:e7:9d:0f;0xFD26;VALLHORN Wireless Motion Sensor;First floor toilet motion sensor VALLHORN;sensor.first_floor_toilet_motion_sensor_tradfri_battery;IKEA of Sweden VALLHORN Wireless Motion Sensor;sensor;
f0:74:bf:ff:fe:e7:9d:0f;0xFD26;VALLHORN Wireless Motion Sensor;First floor toilet motion sensor VALLHORN;sensor.first_floor_toilet_motion_sensor_tradfri_illuminance;IKEA of Sweden VALLHORN Wireless Motion Sensor;sensor;
f0:74:bf:ff:fe:e7:9d:0f;0xFD26;VALLHORN Wireless Motion Sensor;First floor toilet motion sensor VALLHORN;switch.first_floor_toilet_motion_sensor_tradfri_on_only_when_dark;IKEA of Sweden VALLHORN Wireless Motion Sensor;switch;
f0:74:bf:ff:fe:e7:9d:0f;0xFD26;VALLHORN Wireless Motion Sensor;First floor toilet motion sensor VALLHORN;update.first_floor_toilet_motion_sensor_tradfri_firmware;IKEA of Sweden VALLHORN Wireless Motion Sensor;update;
f0:74:bf:ff:fe:e7:97:67;0x0EA5;VALLHORN Wireless Motion Sensor;Laundry motion sensor VALLHORN;binary_sensor.laundry_motion_sensor_tradfri_opening;IKEA of Sweden VALLHORN Wireless Motion Sensor;binary_sensor;
f0:74:bf:ff:fe:e7:97:67;0x0EA5;VALLHORN Wireless Motion Sensor;Laundry motion sensor VALLHORN;binary_sensor.laundry_motion_sensor_tradfri;IKEA of Sweden VALLHORN Wireless Motion Sensor;binary_sensor;
f0:74:bf:ff:fe:e7:97:67;0x0EA5;VALLHORN Wireless Motion Sensor;Laundry motion sensor VALLHORN;button.laundry_motion_sensor_tradfri_identify;IKEA of Sweden VALLHORN Wireless Motion Sensor;button;
f0:74:bf:ff:fe:e7:97:67;0x0EA5;VALLHORN Wireless Motion Sensor;Laundry motion sensor VALLHORN;number.laundry_motion_sensor_tradfri_on_time;IKEA of Sweden VALLHORN Wireless Motion Sensor;number;
f0:74:bf:ff:fe:e7:97:67;0x0EA5;VALLHORN Wireless Motion Sensor;Laundry motion sensor VALLHORN;sensor.laundry_motion_sensor_tradfri_battery;IKEA of Sweden VALLHORN Wireless Motion Sensor;sensor;
f0:74:bf:ff:fe:e7:97:67;0x0EA5;VALLHORN Wireless Motion Sensor;Laundry motion sensor VALLHORN;sensor.laundry_motion_sensor_tradfri_illuminance;IKEA of Sweden VALLHORN Wireless Motion Sensor;sensor;
f0:74:bf:ff:fe:e7:97:67;0x0EA5;VALLHORN Wireless Motion Sensor;Laundry motion sensor VALLHORN;switch.laundry_motion_sensor_tradfri_on_only_when_dark;IKEA of Sweden VALLHORN Wireless Motion Sensor;switch;
f0:74:bf:ff:fe:e7:97:67;0x0EA5;VALLHORN Wireless Motion Sensor;Laundry motion sensor VALLHORN;update.laundry_motion_sensor_tradfri_firmware;IKEA of Sweden VALLHORN Wireless Motion Sensor;update;
a4:c1:38:7a:40:b8:68:bb;0x9445;ZB-CL01;Laundry RGB led strip eWeLight;button.ewelight_zb_cl01_identify;eWeLight ZB-CL01;button;
a4:c1:38:7a:40:b8:68:bb;0x9445;ZB-CL01;Laundry RGB led strip eWeLight;light.ewelight_zb_cl01_light;eWeLight ZB-CL01;light;
a4:c1:38:7a:40:b8:68:bb;0x9445;ZB-CL01;Laundry RGB led strip eWeLight;number.ewelight_zb_cl01_start_up_current_level;eWeLight ZB-CL01;number;
a4:c1:38:7a:40:b8:68:bb;0x9445;ZB-CL01;Laundry RGB led strip eWeLight;number.ewelight_zb_cl01_start_up_color_temperature;eWeLight ZB-CL01;number;
a4:c1:38:7a:40:b8:68:bb;0x9445;ZB-CL01;Laundry RGB led strip eWeLight;select.ewelight_zb_cl01_start_up_behavior;eWeLight ZB-CL01;select;
